timestamp,model_name,seed,mse,mae,rmse,mape,r2_score,picp,mpiw,winkler_score,training_time_s,testing_time_s,hpo_trial_s,hpo_time_s
2025-11-28 12:26:00,gru_mcd_1234,1234,8655.248413,74.57549037,93.03358755,0.010396766,0.923214729,0.871428571,280.5320329,468.7165733,213.1611,111.549,50,5341.3942
2025-11-28 12:38:00,gru_mcd_42,42,32046.01156,164.0215454,179.0139982,0.022891227,0.71195456,0.2578125,261.56646,2312.678865,337.1964,196.6398,50,5922.3676
2025-11-28 12:41:00,gru_mcd_73,73,24486.60095,139.608276,156.4819509,0.019509574,0.777344544,0.23880597,194.0388398,2445.901313,316.7254,115.1746,50,6201.0876
2025-11-28 13:01:00,gru_mcd_31415,31415,10679.1708,81.29680327,103.3400735,0.011271246,0.904010318,0.56875,169.5160859,1223.95767,289.7484,194.5295,50,7280.2478
2025-11-28 16:07:00,gru_mcd_271828183,271828183,9068.647187,74.07396087,95.22944496,0.01031457,0.918486503,0.9578125,370.130716,435.3520935,210.7422,213.4966,50,2909.4048
2025-11-28 17:26:00,lstm_mcd_31415,31415,36711.99437,167.1226505,191.6037431,0.023194795,0.67074389,0.687591241,420.5941956,1107.323028,131.8058,72.7401,50,4103.2358
2025-11-28 17:32:00,lstm_mcd_73,73,35071.24977,165.729488,187.2731955,0.023140695,0.688864456,0.491428571,319.1132069,1850.408892,67.1347,39.1095,50,4619.7877
2025-11-28 17:33:00,lstm_mcd_271828183,271828183,20477.68614,121.6539313,143.100266,0.016952655,0.818331652,0.724285714,329.5188085,876.511159,87.3803,36.5421,50,4618.2813
2025-11-28 17:37:00,lstm_mcd_42,42,15330.65744,104.2319978,123.8170321,0.014526066,0.863993656,0.81,308.9976562,663.4678097,55.5281,51.4964,50,4915.4419
2025-11-28 18:07:00,lstm_mcd_1234,1234,15360.91423,101.9069,123.9391554,0.014130233,0.861928487,0.76875,296.4551606,776.4975342,231.4211,164.7953,50,6404.2434
2025-11-29 03:00:00,transformer_mcd_1234,1234,122719.1173,321.0049951,350.3128848,0.044793994,-0.08870598,0.015714286,138.557619,10189.19246,66.4772,62.6178,50,4687.4842
2025-11-29 04:41:00,transformer_mcd_31415,31415,259719.8807,475.9325246,509.6271977,0.066225368,-1.361620074,0.019402985,326.8184749,12516.1243,365.4222,630.9043,50,4528.5216
2025-11-29 07:21:00,transformer_mcd_73,73,207221.6759,428.4582516,455.2160761,0.059673776,-0.858493499,0.017518248,279.6906907,11488.93223,84.2445,142.0279,50,4567.9135
2025-11-29 13:59:00,transformer_mcd_42,42,109692.7957,303.8335846,331.1990273,0.042071631,0.014026769,0.3453125,461.5403815,3792.018327,41.8859,166.0159,50,3445.848
2025-11-29 15:42:00,transformer_mcd_271828183,271828183,131941.9104,330.6971596,363.2380905,0.045974019,-0.170526239,0.202857143,360.9103691,6190.494019,238.5582,142.7537,50,5246.8098
2025-11-29 17:44:00,tcn_mcd_73,73,6904.166916,68.56569059,83.09131673,0.009647968,0.937220751,0.720895522,176.1538559,631.3522678,277.2058,202.081,50,6342.0282
2025-11-29 17:53:00,tcn_mcd_42,42,5872.025348,63.86696639,76.62914164,0.009036346,0.947906168,0.081428571,25.20753892,2092.659809,132.9171,106.8032,50,7122.3085
2025-11-29 20:06:00,tcn_mcd_31415,31415,3638.636342,39.89827571,60.32111025,0.005731823,0.967366435,0.865693431,154.9750375,404.9643962,223.9868,227.6257,50,7448.6362
2025-11-29 20:35:00,tcn_mcd_1234,1234,3472.846222,39.22907389,58.93085968,0.005613659,0.96842158,0.946268657,216.0062824,343.2870975,161.3073,287.47,50,9245.3552
2025-11-29 22:51:00,tcn_mcd_271828183,271828183,5775.827413,55.72510695,75.99886455,0.007979982,0.94819877,0.589781022,98.77136817,870.712264,97.2832,113.3902,50,3132.6866
2025-11-30 00:21:00,gru_hllla_31415,31415,40990.27789,177.0898542,202.4605589,0.024598357,0.636353637,0.3514,249.077,3127.7898,35.6047,0.3255,50,2980.8534
2025-11-30 00:30:00,gru_hllla_73,73,11671.88661,91.6815834,108.0365059,0.012823777,0.895087296,0.4813,169.2142,1241.8756,202.1115,0.9725,50,3634.5405
2025-11-30 00:58:00,gru_hllla_42,42,12007.18879,91.66969528,109.5773188,0.012737997,0.892073434,0.3922,134.6713,1620.2843,311.1987,0.6512,50,4919.0465
2025-11-30 01:19:00,gru_hllla_1234,1234,20646.53558,124.8532031,143.6890239,0.017388847,0.816833699,0.3843,182.0378,2100.4846,83.7975,0.332,50,3080.7325
2025-11-30 01:46:00,gru_hllla_271828183,271828183,19538.99012,124.7812576,139.7819378,0.017397492,0.82437387,0.2531,147.0627,2474.163,95.2372,0.528,50,4393.0795
2025-11-30 02:48:00,lstm_hllla_1234,1234,43469.0571,194.0053533,208.492343,0.027049024,0.610142329,0.0657,179.835,4433.1789,56.0284,0.4901,50,3474.6722
2025-11-30 02:55:00,lstm_hllla_271828183,271828183,8397.316648,72.28504326,91.63687385,0.010110373,0.925502977,0.6986,175.3855,835.8343,73.3439,0.3946,50,3888.9213
2025-11-30 03:48:00,lstm_hllla_42,42,19557.96409,124.7867508,139.8497912,0.017394912,0.826490991,0.3814,195.5811,1835.8005,89.6689,0.5499,50,7061.7529
2025-11-30 03:57:00,lstm_hllla_31415,31415,35491.23862,166.5036705,188.3911851,0.023099901,0.685138513,0.1886,164.7465,3746.7822,42.0496,0.2751,50,1806.2583
2025-11-30 04:25:00,lstm_hllla_73,73,27666.0091,151.3447032,166.3310226,0.021060963,0.748434343,0.2448,200.0053,2590.2895,74.2876,0.3652,50,3472.356
2025-11-30 06:51:00,tcn_hllla_271828183,271828183,995921.1527,934.1419937,997.9584925,0.129648632,-7.951833079,1.0,3766.5218,3766.5218,294.9234,3.0379,50,8291.4235
2025-11-30 07:10:00,tcn_hllla_42,42,222862.3433,418.742648,472.0829835,0.057944198,-0.998768779,0.6467,1086.7139,3229.8022,486.1479,0.9247,50,9312.2495
2025-11-30 12:27:00,tcn_hllla_31415,31415,18942993.16,4337.054772,4352.354898,0.61322637,-169.2690141,1.0,3992370.396,3992370.396,91.9311,0.4247,50,6946.3422
2025-11-30 13:01:00,tcn_hllla_73,73,26433.13143,146.927906,162.5826911,0.020429486,0.76240591,0.8672,537.0102,883.4788,373.3325,0.9713,50,8685.6243
2025-11-30 13:16:00,tcn_hllla_1234,1234,1277128.381,1076.179586,1130.101049,0.150169977,-10.3300791,0.2814,1579.0634,15522.5045,25.0648,0.1896,50,2393.1577
2025-11-30 15:20:00,transformer_hllla_42,42,213803.6815,419.9777992,462.3891019,0.058100361,-0.921773489,0.0172,225.9886,12539.0671,133.5929,0.449,50,3750.4845
2025-11-30 16:30:00,transformer_hllla_73,73,188250.1693,405.958654,433.8780581,0.056381632,-0.692085853,0.0219,262.0119,11311.6482,116.7805,0.512,50,3688.3971
2025-11-30 18:13:00,transformer_hllla_1234,1234,56273.80612,206.733397,237.2210069,0.028720219,0.500765401,0.2586,215.4962,4607.4992,42.14,0.4445,50,4469.9285
2025-11-30 19:51:00,transformer_hllla_31415,31415,234982.0295,452.9671257,484.7494502,0.062844282,-1.112134981,0.2922,722.8374,5730.5753,41.3964,0.3788,50,4906.6584
2025-11-30 22:36:00,transformer_hllla_271828183,271828183,98796.33472,270.9024526,314.3188424,0.037474695,0.123525635,0.2886,314.3408,5651.8001,145.8799,1.0175,50,5499.0558
2025-12-02 10:56:03,gru_cqr_42,42,14839.02462,106.0369408,121.8155352,0.01476203,0.86661949,0.4734375,148.9519348,1382.80631,446.4118,12.6296,0,0.0
2025-12-02 17:51:52,gru_cqr_73,73,31970.80119,160.5571726,178.8038064,0.022356009,0.70929108,0.388059701,275.611145,2205.12298,426.5983,12.1242,0,0.0
2025-12-02 17:58:22,gru_cqr_31415,31415,12696.06837,98.00412521,112.6768316,0.01367241,0.885881443,0.4453125,140.9268951,1499.258223,809.3358,19.6552,0,0.0
2025-12-02 17:59:07,gru_cqr_1234,1234,10859.75671,87.20899832,104.2101565,0.012170529,0.903657374,0.711428571,198.3947296,773.4783851,286.1245,7.371,0,0.0
2025-12-02 18:18:42,gru_cqr_271828183,271828183,17758.66673,113.6788284,133.2616476,0.015804981,0.840376299,0.5359375,296.2203979,1478.153597,973.0545,22.6527,0,0.0
2025-12-02 18:38:04,lstm_cqr_42,42,42546.11469695942,175.91736606223213,206.2670955265513,0.02431178153856,0.6225509885944926,0.4514285714285714,271.52764892578125,2396.0097654375,219.7688,6.3977,0,0.0
2025-12-02 18:48:30,lstm_cqr_73,73,12941.718120111302,91.78369350531248,113.76167245654972,0.0127703382001255,0.8851871964075289,0.7214285714285714,226.38677978515625,849.1326400689729,300.1749,8.9571,0,0.0
2025-12-02 19:00:09,lstm_cqr_271828183,271828183,31796.32335044063,155.2728522510268,178.31523588981574,0.0215243474621579,0.7179180543173933,0.4257142857142857,231.1131286621093,2100.156004380357,212.704,10.1028,0,0.0
2025-12-02 19:02:47,lstm_cqr_31415,31415,42516.778143935226,179.61412450269162,206.1959702417465,0.0248815622133251,0.6186829615947167,0.5693430656934306,326.22100830078125,1655.4992420193885,231.5662,6.7952,0,0.0
2025-12-02 19:10:45,lstm_cqr_1234,1234,22019.03216728435,130.28937759160158,148.38811329511657,0.0180757878696095,0.8020820222674103,0.49375,212.9895935058593,1500.9420874787595,788.4109,15.3303,0,0.0
2025-12-02 19:22:47,tcn_cqr_42,42,12281.35151291256,83.26121512767855,110.82125930033712,0.0114937838052942,0.891045656688279,0.6685714285714286,193.5298614501953,914.6569161997762,223.047,7.8942,0,0.0
2025-12-02 19:43:40,tcn_cqr_73,73,29282.098516286154,155.6274472263526,171.12012890448088,0.0216438304818174,0.7337393213598985,0.5477611940298508,352.3181457519531,1160.2798531061098,643.7652,10.5301,0,0.0
2025-12-02 19:44:36,tcn_cqr_31415,31415,24077.925270462805,117.21201100848538,155.1706327578218,0.0160984221746461,0.784054118023845,0.4817518248175182,179.1090850830078,2197.535293166058,701.2251,8.1554,0,0.0
2025-12-02 19:55:12,tcn_cqr_1234,1234,11321.137569599165,87.09151847971081,106.40083444033306,0.0120813573483996,0.8970574540420017,0.7626865671641792,301.6300964355469,713.6464020995799,627.9266,16.113,0,0.0
2025-12-02 19:55:20,tcn_cqr_271828183,271828183,22676.968646644764,131.45157531687957,150.58874010577537,0.0182760997096214,0.7966187725919796,0.3007299270072993,194.7789001464844,2286.998988492929,592.6785,6.3621,0,0.0
2025-12-02 20:08:21,transformer_cqr_42,42,193507.2034599729,400.89914549917,439.89453674713087,0.0554329909661545,-0.7393386818513399,0.1671875,392.1043395996094,8205.524825848634,396.7874,8.2041,0,0.0
2025-12-02 20:29:28,transformer_cqr_73,73,84307.85745683097,245.28651487180665,290.35815376329793,0.0338393681713574,0.2438744438513083,0.4131386861313869,448.9964294433594,3458.247657482208,271.5776,6.3594,0,0.0
2025-12-02 20:45:28,transformer_cqr_271828183,271828183,108835.2846728462,287.0520082171876,329.90193190226427,0.0397705154126572,0.0344648178006593,0.2742857142857143,421.9071044921875,6065.272134138394,880.8892,9.8255,0,0.0
2025-12-02 20:53:46,transformer_cqr_1234,1234,96839.04518474903,277.10278737419645,311.18972538428875,0.0384536400141174,0.1408897820451518,0.29,388.0001831054688,5615.175966621875,185.7431,4.8559,0,0.0
2025-12-02 21:10:35,transformer_cqr_31415,31415,230056.01120326918,437.31238848516796,479.6415444926233,0.060730772585298555,-1.0918879715587475,0.2044776119402985,416.9303283691406,9403.719301965952,933.0564,14.1452,0,0.0
