date,actual,gru_mcd_42,gru_mcd_42_L,gru_mcd_42_U,gru_mcd_1234,gru_mcd_1234_L,gru_mcd_1234_U
2023-05-03,6812.722168,,,,,,
2023-05-04,6844.026855,,,,,,
2023-05-05,6787.630859,,,,,,
2023-05-06,6787.630859,,,,,,
2023-05-07,6787.630859,,,,,,
2023-05-08,6769.630859,,,,,,
2023-05-09,6779.97998,,,,,,
2023-05-10,6811.904785,,,,,,
2023-05-11,6755.937988,,,,,,
2023-05-12,6707.763184,,,,,,
2023-05-13,6707.763184,,,,,,
2023-05-14,6707.763184,,,,,,
2023-05-15,6711.740234,,,,,,
2023-05-16,6676.563965,,,,,,
2023-05-17,6663.11377,,,,,,
2023-05-18,6663.11377,,,,,,
2023-05-19,6700.561035,,,,,,
2023-05-20,6700.561035,,,,,,
2023-05-21,6700.561035,,,,,,
2023-05-22,6729.646973,,,,,,
2023-05-23,6736.684082,,,,,,
2023-05-24,6745.804199,,,,,,
2023-05-25,6704.230957,,,,,,
2023-05-26,6687.000977,,,,,,
2023-05-27,6687.000977,,,,,,
2023-05-28,6687.000977,,,,,,
2023-05-29,6681.102051,,,,,,
2023-05-30,6636.422852,,,,,,
2023-05-31,6633.26123,,,,,,
2023-06-01,6633.26123,,,,,,
2023-06-02,6633.26123,,,,,,
2023-06-03,6633.26123,,,,,,
2023-06-04,6633.26123,,,,,,
2023-06-05,6633.437012,,,,,,
2023-06-06,6618.922852,,,,,,
2023-06-07,6619.754883,,,,,,
2023-06-08,6666.330078,,,,,,
2023-06-09,6694.023926,,,,,,
2023-06-10,6694.023926,,,,,,
2023-06-11,6694.023926,,,,,,
2023-06-12,6722.373047,,,,,,
2023-06-13,6719.01416,,,,,,
2023-06-14,6699.716797,,,,,,
2023-06-15,6713.794922,,,,,,
2023-06-16,6698.546875,,,,,,
2023-06-17,6698.546875,6536.116,6341.352673339844,6778.953112792969,6630.996,6372.003112792969,6924.6150390625
2023-06-18,6698.546875,6538.358,6324.064733886718,6800.615417480469,6672.3,6375.93212890625,6988.647863769531
2023-06-19,6686.059082,6534.313,6312.409619140625,6782.602917480469,6647.8057,6298.600500488281,6902.179638671875
2023-06-20,6660.455078,6535.781,6290.186486816407,6780.642297363281,6626.73,6235.758557128906,6937.007092285156
2023-06-21,6702.625,6517.085,6317.7873046875,6715.496142578125,6605.4126,6279.300708007812,6919.1130859375
2023-06-22,6652.26123,6545.969,6313.071435546875,6756.387646484375,6608.333,6305.292065429688,6904.11962890625
2023-06-23,6639.73291,6524.2715,6319.570324707031,6744.197094726563,6555.408,6259.818872070313,6882.510314941406
2023-06-24,6639.73291,6542.6743,6286.078100585937,6825.201770019531,6594.775,6300.803942871094,6993.192492675781
2023-06-25,6639.73291,6530.8467,6320.924755859375,6740.582080078125,6552.4106,6267.567614746094,6819.903979492187
2023-06-26,6664.667969,6510.406,6262.1037109375,6733.621166992187,6570.574,6301.720983886718,6824.016162109375
2023-06-27,6661.878906,6515.8594,6283.1507568359375,6746.345788574218,6594.3438,6282.828820800782,6930.810253906249
2023-06-28,6661.878906,6506.5317,6289.718884277344,6748.237377929688,6565.497,6280.051452636719,6839.464562988282
2023-06-29,6661.878906,6497.426,6251.141821289062,6790.866772460938,6559.187,6230.489672851562,6859.210192871094
2023-06-30,6661.878906,6517.9595,6276.275439453125,6816.162475585937,6605.983,6268.282922363282,6876.164172363281
2023-07-01,6661.878906,6529.959,6280.984643554688,6790.610546875,6568.709,6250.48115234375,6890.3310546875
2023-07-02,6661.878906,6492.4023,6253.460021972656,6698.89755859375,6593.2593,6272.56376953125,6945.270263671875
2023-07-03,6696.71582,6515.3457,6294.392333984375,6776.437353515625,6590.6,6230.239819335938,6979.098852539062
2023-07-04,6681.753906,6530.4355,6250.016052246094,6788.827185058593,6574.927,6301.124536132813,6902.432043457031
2023-07-05,6718.977051,6525.125,6317.81318359375,6749.097595214844,6608.0483,6255.830517578125,6973.531457519532
2023-07-06,6757.331055,6523.4106,6320.5443115234375,6760.009191894531,6614.3745,6284.188525390625,6914.333264160156
2023-07-07,6716.458984,6524.6826,6255.93681640625,6769.78818359375,6627.8813,6323.056079101562,6924.490148925781
2023-07-08,6716.458984,6522.067,6278.748645019531,6744.006457519531,6613.6543,6260.863745117187,6862.750732421875
2023-07-09,6716.458984,6517.561,6284.432214355469,6751.3890625,6598.581,6290.947546386718,6917.064147949219
2023-07-10,6731.038086,6509.252,6281.250915527344,6740.605346679688,6573.359,6211.548254394531,6912.241076660156
2023-07-11,6796.923828,6560.261,6312.961376953125,6856.262023925781,6641.766,6338.575402832032,6953.575512695313
2023-07-12,6808.208984,6548.6943,6284.457165527344,6853.409313964844,6635.3813,6285.251037597656,6932.617810058594
2023-07-13,6810.212891,6558.9087,6336.372912597656,6803.070751953125,6671.328,6323.65068359375,6975.416650390624
2023-07-14,6869.571777,6623.25,6346.304443359375,6880.22763671875,6707.5786,6340.927807617188,7025.955554199219
2023-07-15,6869.571777,6610.634,6402.862854003906,6858.439172363281,6729.3574,6347.5694580078125,7012.602990722656
2023-07-16,6869.571777,6643.358,6428.393041992187,6941.249255371094,6724.654,6454.7919921875,7021.948950195312
2023-07-17,6867.144043,6627.1787,6386.780456542969,6851.917346191406,6781.86,6542.003039550781,7065.7640380859375
2023-07-18,6830.203125,6668.764,6388.115942382812,6959.397741699218,6765.7075,6442.891577148437,7118.804943847656
2023-07-19,6830.203125,6659.601,6446.803381347656,6851.872094726563,6763.7983,6452.796826171875,7115.100561523437
2023-07-20,6864.188965,6687.0874,6457.868041992188,6941.906811523438,6784.652,6417.377905273437,7147.934460449219
2023-07-21,6880.801758,6700.8774,6471.106335449219,6945.449621582031,6782.944,6477.543688964844,7165.7584228515625
2023-07-22,6880.801758,6726.0674,6518.728381347656,6974.007080078125,6795.716,6475.50244140625,7158.311181640624
2023-07-23,6880.801758,6712.386,6478.7855224609375,6971.691235351563,6773.9795,6468.720886230469,7095.610949707031
2023-07-24,6899.395996,6709.994,6432.858935546875,6963.453857421875,6802.8423,6454.952490234375,7139.599621582031
2023-07-25,6917.710938,6704.7563,6485.293774414063,6994.344506835937,6798.24,6416.506518554687,7144.777697753906
2023-07-26,6948.278809,6722.1,6444.9205322265625,6958.925402832031,6809.9663,6452.821801757813,7118.985241699219
2023-07-27,6896.663086,6740.142,6463.304992675781,7065.827038574219,6791.744,6489.878466796875,7118.429577636719
2023-07-28,6900.22998,6743.8965,6483.545300292969,7012.507214355469,6850.6294,6530.722717285156,7147.566162109375
2023-07-29,6900.22998,6719.736,6528.624255371094,6931.092102050781,6846.5,6481.298132324218,7228.041979980469
2023-07-30,6900.22998,6762.2812,6513.833142089844,7025.090563964844,6830.4355,6528.503356933594,7125.187976074219
2023-07-31,6931.358887,6728.1934,6471.829858398438,6956.405444335937,6792.5913,6434.172998046875,7081.508227539062
2023-08-01,6886.496094,6724.553,6485.1319580078125,6991.47294921875,6802.225,6431.2037109375,7112.206970214844
2023-08-02,6854.509766,6746.6426,6429.786120605469,7007.354467773437,6816.9673,6407.416711425782,7134.753894042969
2023-08-03,6898.077148,6717.465,6507.894567871093,7049.617578125,6767.643,6471.178271484375,7134.269226074219
2023-08-04,6852.841797,6716.4756,6421.895397949219,6970.607775878906,6772.3955,6449.827062988281,7162.038720703124
2023-08-05,6852.841797,6705.621,6449.815112304687,6932.560534667969,6756.4985,6450.998742675782,7108.314477539063
2023-08-06,6852.841797,6703.293,6496.454870605468,6930.110620117187,6783.466,6431.436987304687,7086.2810180664055
2023-08-07,6886.366211,6702.99,6465.428186035157,6949.3443359375,6776.0425,6415.227990722657,7104.196533203125
2023-08-08,6868.812988,6702.445,6449.722180175781,6914.438415527344,6766.676,6435.64013671875,7096.466125488281
2023-08-09,6875.111816,6717.567,6526.712707519531,7021.144873046875,6767.839,6479.052807617188,7093.758508300782
2023-08-10,6893.275879,6719.0845,6480.349291992187,6946.7601318359375,6776.2812,6503.950708007813,7126.622106933593
2023-08-11,6879.979004,6699.926,6388.652661132813,6954.832165527344,6717.89,6422.265600585937,6978.391638183593
2023-08-12,6879.979004,6679.838,6395.990515136718,6900.734936523438,6798.879,6515.080847167968,7131.647106933594
2023-08-13,6879.979004,6730.6826,6457.506372070313,7008.430444335937,6790.781,6515.0386962890625,7029.837634277344
2023-08-14,6910.171875,6698.825,6463.069555664062,6946.260046386718,6802.1577,6479.297216796875,7095.843896484374
2023-08-15,6915.101074,6682.6255,6451.447741699219,6984.075402832032,6794.366,6411.841369628906,7132.037243652344
2023-08-16,6900.538086,6692.8413,6455.965588378906,7005.218090820313,6770.406,6461.45947265625,7131.550329589843
2023-08-17,6900.538086,6710.7837,6466.668542480469,6966.878100585937,6757.783,6406.595422363282,7120.0982666015625
2023-08-18,6859.912109,6679.166,6475.944958496094,6908.977978515625,6781.323,6449.810522460937,7111.511926269531
2023-08-19,6859.912109,6704.3706,6447.839807128907,6939.686181640624,6736.18,6431.8785400390625,7062.475524902344
2023-08-20,6859.912109,6681.0923,6464.0638427734375,6934.666296386718,6748.273,6411.337316894531,7065.935559082031
2023-08-21,6866.033203,6666.406,6417.716906738281,6917.019262695312,6761.139,6479.147607421875,7072.5056640625
2023-08-22,6916.450195,6671.1733,6448.873217773437,6983.982690429688,6769.649,6459.707763671875,7119.492492675781
2023-08-23,6921.410156,6688.009,6435.003491210938,6907.320874023438,6777.1787,6378.052319335938,7099.145104980468
2023-08-24,6899.39209,6703.748,6465.956091308593,6974.810974121094,6751.4336,6438.567065429687,7092.053271484374
2023-08-25,6895.442871,6708.2876,6459.930480957031,6974.267175292968,6786.584,6503.789477539062,7100.523974609375
2023-08-26,6895.442871,6717.773,6521.1768798828125,6979.358337402344,6799.2163,6491.841333007813,7131.591699218749
2023-08-27,6895.442871,6674.1655,6428.965612792968,6929.700671386719,6764.6963,6467.3914794921875,7055.359265136719
2023-08-28,6921.727051,6697.0957,6454.884619140625,6961.887231445312,6795.239,6445.816943359375,7193.578430175781
2023-08-29,6957.834961,6704.321,6463.008410644531,6942.1885986328125,6794.496,6509.419409179687,7096.938830566406
2023-08-30,6966.655762,6742.506,6506.255419921875,6972.90634765625,6851.5864,6458.301513671875,7139.2572265625
2023-08-31,6953.259766,6724.487,6467.204858398438,6992.471752929687,6871.8564,6594.89833984375,7222.171032714843
2023-09-01,6977.653809,6767.69,6516.021069335938,7059.233105468749,6865.1074,6529.020764160156,7155.696350097656
2023-09-02,6977.653809,6741.4287,6501.647937011719,7015.005847167969,6864.1777,6554.117895507812,7166.596838378906
2023-09-03,6977.653809,6753.2173,6483.951281738281,7054.85966796875,6851.5317,6555.066125488282,7203.710046386718
2023-09-04,6996.75,6746.23,6472.1156005859375,6967.838427734375,6855.5215,6492.330285644532,7271.78330078125
2023-09-05,6991.708008,6755.2236,6538.975854492188,6994.288989257812,6885.433,6533.26064453125,7207.197192382812
2023-09-06,6995.953125,6736.178,6442.657556152344,7015.124414062499,6849.2925,6503.853039550781,7152.275537109375
2023-09-07,6954.808105,6753.756,6557.814904785157,6963.761730957031,6852.848,6546.253894042969,7122.399096679687
2023-09-08,6924.779785,6733.8643,6454.077014160156,6966.919763183593,6874.649,6539.808508300781,7183.131201171875
2023-09-09,6924.779785,6727.1436,6495.853564453125,6992.451208496093,6849.0723,6500.212231445313,7215.667065429687
2023-09-10,6924.779785,6760.677,6514.1998046875,7056.729882812499,6837.754,6514.708654785156,7153.51025390625
2023-09-11,6963.393066,6732.7417,6498.118566894531,6948.9593505859375,6838.5566,6473.601123046875,7156.507885742187
2023-09-12,6933.969238,6734.935,6504.600561523437,7005.2755126953125,6819.212,6482.283740234375,7129.217309570312
2023-09-13,6935.476074,6722.167,6455.048645019531,7008.207580566406,6787.149,6477.7259521484375,7149.6129150390625
2023-09-14,6959.333008,6711.2305,6488.052209472657,6964.635327148438,6825.267,6509.050695800781,7152.408874511719
2023-09-15,6982.791016,6686.737,6394.363049316406,6939.244970703125,6835.719,6502.420910644531,7181.960034179688
2023-09-16,6982.791016,6712.1694,6500.435485839844,6959.447009277344,6872.683,6547.501403808594,7234.780871582031
2023-09-17,6982.791016,6712.6455,6490.444836425781,7032.634814453124,6823.4556,6498.846643066407,7200.724609375
2023-09-18,6936.083008,6738.5083,6483.664660644531,6982.255297851562,6835.4224,6528.86552734375,7123.973608398437
2023-09-19,6980.320801,6698.886,6452.613464355469,6985.256591796875,6864.073,6434.260571289063,7241.758618164063
2023-09-20,7011.681152,6709.909,6478.912841796875,7012.498693847656,6833.438,6444.242163085937,7236.562841796874
2023-09-21,6991.46582,6726.6406,6435.0357421875,7019.365234375,6857.7246,6473.328845214844,7188.098950195313
2023-09-22,7016.844238,6722.6064,6468.195068359375,6989.222766113281,6817.123,6418.665942382812,7174.549609375
2023-09-23,7016.844238,6752.5776,6500.255017089844,7062.674938964844,6829.6357,6503.831103515625,7159.817114257812
2023-09-24,7016.844238,6729.9517,6468.490307617188,6981.274499511718,6878.621,6544.442883300781,7185.766357421875
2023-09-25,6998.380859,6740.7188,6532.863024902344,7031.487915039063,6847.0767,6547.373095703125,7155.145275878906
2023-09-26,6923.799805,6731.655,6455.6468505859375,6966.738500976562,6852.8267,6501.49560546875,7205.7830810546875
2023-09-27,6937.828125,6737.6943,6475.939331054688,6967.734118652344,6869.256,6530.625988769531,7122.067272949219
2023-09-28,6937.828125,6735.9795,6492.894091796875,7030.871899414063,6804.7783,6487.198217773437,7130.489514160156
2023-09-29,6939.89209,6687.679,6438.023596191406,6988.70419921875,6825.471,6450.109484863281,7176.491601562499
2023-09-30,6939.89209,6717.6895,6437.257580566406,6987.608276367188,6797.9067,6427.4625244140625,7170.880834960937
2023-10-01,6939.89209,6704.1055,6404.882189941406,7008.878674316406,6799.34,6398.105749511718,7215.442626953124
2023-10-02,6961.458984,6725.2812,6478.732604980469,6976.855334472656,6790.0493,6384.508032226562,7156.947741699218
2023-10-03,6940.887207,6699.6313,6440.389050292969,6981.464990234375,6805.011,6446.262951660156,7125.848095703125
2023-10-04,6886.576172,6689.177,6415.425695800781,6937.797998046874,6789.607,6433.280712890625,7103.8396484375
2023-10-05,6874.826172,6693.166,6369.566809082031,6950.255285644531,6800.834,6432.946020507812,7173.823034667968
2023-10-06,6888.518066,6680.3076,6425.219079589844,6925.259448242187,6772.2236,6416.527026367187,7074.1567504882805
2023-10-07,6888.518066,6667.232,6340.650183105468,6991.889221191406,6737.1113,6364.858752441406,7103.370019531249
2023-10-08,6888.518066,6642.8906,6382.244836425782,6919.061779785156,6747.3423,6442.2125244140625,7040.292150878906
2023-10-09,6891.455078,6651.6895,6427.450805664063,6893.280529785156,6745.7227,6378.406994628906,7150.730407714844
2023-10-10,6922.187988,6654.966,6369.154711914062,6906.713696289062,6740.774,6390.610803222657,7043.997473144531
2023-10-11,6931.75293,6642.9126,6395.533142089844,6882.539990234375,6794.6387,6493.655334472656,7080.251208496094
2023-10-12,6935.150879,6649.793,6410.468078613281,6874.06064453125,6799.708,6460.3296875,7192.476599121093
2023-10-13,6926.779785,6669.3735,6384.928393554687,6983.576904296875,6806.493,6409.63310546875,7156.7984619140625
2023-10-14,6926.779785,6665.3267,6427.910925292968,6939.61826171875,6829.4556,6489.102673339844,7165.327954101562
2023-10-15,6926.779785,6650.4106,6380.225891113281,6929.353979492187,6787.372,6459.291540527343,7154.337951660155
2023-10-16,6896.291992,6669.2754,6436.248828125,6977.397302246093,6763.183,6402.273168945312,7088.185424804687
2023-10-17,6939.615234,6642.2607,6403.091748046875,6901.068505859374,6802.46,6458.379333496094,7114.412548828124
2023-10-18,6927.905762,6644.098,6400.621166992188,6913.606176757812,6778.7695,6476.074377441406,7155.275305175781
2023-10-19,6846.426758,6668.761,6382.522717285156,6927.720141601562,6777.58,6427.7654296875,7160.094311523437
2023-10-20,6849.167969,6641.5977,6445.716516113282,6863.842578125,6762.767,6395.123559570313,7141.785021972655
2023-10-21,6849.167969,6618.888,6376.146264648438,6867.04423828125,6726.674,6413.870703125,7084.126672363282
2023-10-22,6849.167969,6630.5913,6387.01748046875,6909.270458984375,6709.398,6420.969665527344,6949.062255859375
2023-10-23,6741.963867,6616.4326,6296.982275390625,6865.734008789063,6693.2505,6376.24619140625,6996.34404296875
2023-10-24,6806.762207,6627.2954,6350.356652832032,6897.571520996094,6665.5015,6284.581701660156,7056.316271972656
2023-10-25,6834.388184,6621.439,6403.933703613281,6816.454040527344,6665.029,6271.328771972656,7023.372460937499
2023-10-26,6714.519043,6605.49,6338.934509277344,6876.211120605469,6695.09,6281.230676269532,7016.107836914062
2023-10-27,6758.792969,6597.127,6370.487036132812,6892.441064453125,6658.6245,6234.346032714844,6995.535693359375
2023-10-28,6758.792969,6550.1733,6298.258264160157,6833.524609375,6668.8037,6293.255297851562,6976.038342285156
2023-10-29,6758.792969,6579.406,6350.703894042968,6857.9986572265625,6647.1777,6228.29560546875,6979.773742675781
2023-10-30,6735.89209,6566.964,6280.707141113281,6820.120739746094,6628.279,6302.960620117187,7021.6399047851555
2023-10-31,6752.210938,6549.272,6254.0811767578125,6810.86796875,6595.073,6211.683703613281,6960.541918945312
2023-11-01,6642.417969,6555.045,6307.9080078125,6776.615686035157,6654.4277,6322.970361328125,6982.146337890625
2023-11-02,6751.38623,6529.948,6226.390844726562,6838.881457519531,6611.553,6278.491345214844,6970.119494628906
2023-11-03,6788.850098,6545.1733,6272.315173339844,6824.628564453124,6607.13,6235.942236328125,6919.483203125
2023-11-04,6788.850098,6546.6787,6236.723364257812,6825.549890136719,6608.6807,6257.930920410156,6954.942407226563
2023-11-05,6788.850098,6542.1816,6295.958801269531,6870.901208496093,6645.803,6319.599597167969,6927.830163574219
2023-11-06,6878.835938,6563.97,6284.167431640625,6797.621801757812,6629.806,6271.911889648438,6945.18876953125
2023-11-07,6843.790039,6551.675,6357.556958007813,6790.269482421874,6652.665,6310.617333984375,6955.894714355469
2023-11-08,6804.105957,6604.6816,6382.796081542969,6883.835400390624,6708.9863,6374.968054199218,7039.200195312499
2023-11-09,6838.23291,6574.9663,6353.945080566406,6823.753857421874,6734.2676,6453.266552734375,7096.379089355469
2023-11-10,6809.263184,6560.7236,6279.083178710937,6879.088073730469,6689.2944,6380.548767089844,7060.573413085937
2023-11-11,6809.263184,6570.8765,6261.034948730468,6826.5689697265625,6677.3096,6241.809008789062,7106.450463867187
2023-11-12,6809.263184,6561.3496,6299.045764160156,6812.205322265625,6660.489,6297.417333984375,6963.0322265625
2023-11-13,6838.312012,6549.801,6255.410681152343,6877.978894042968,6677.51,6327.712536621094,6998.517431640625
2023-11-14,6862.055176,6531.045,6239.153576660156,6820.027893066406,6682.355,6304.445043945312,7023.894030761719
2023-11-15,6958.205078,6566.65,6311.035510253906,6856.915063476562,6666.433,6336.526196289063,7098.943432617187
2023-11-16,6958.007813,6617.4224,6359.168286132813,6947.888513183593,6738.4,6417.327880859375,7131.161779785156
2023-11-17,6977.667969,6608.1533,6351.57646484375,6860.487890625,6769.6875,6307.514477539063,7081.414526367187
2023-11-18,6977.667969,6626.3545,6391.566247558594,6905.321166992188,6758.2764,6407.778747558594,7078.945300292969
2023-11-19,6977.667969,6648.478,6405.131018066406,6934.494006347656,6812.679,6513.957055664063,7237.864685058594
2023-11-20,6994.888184,6625.9824,6323.927478027344,6897.195275878906,6778.2344,6426.338928222656,7138.193603515625
2023-11-21,6961.790039,6674.683,6366.064477539063,6928.702978515625,6816.4526,6480.898950195313,7274.239672851561
2023-11-22,6906.953125,6680.8286,6430.95234375,6950.980139160156,6827.5264,6460.748840332031,7200.890893554687
2023-11-23,7004.344238,6671.877,6413.592456054687,6965.844750976563,6804.913,6401.19033203125,7196.939038085938
2023-11-24,7009.630859,6658.0596,6344.9080078125,6888.2251098632805,6822.101,6423.55712890625,7143.17724609375
2023-11-25,7009.630859,6633.7515,6359.898400878907,6945.6231689453125,6812.5684,6471.29091796875,7142.582080078125
2023-11-26,7009.630859,6685.002,6466.465783691407,6919.164477539062,6833.241,6529.722998046875,7207.64697265625
2023-11-27,7013.405762,6680.8535,6402.744482421875,6938.480285644531,6809.7563,6468.717883300781,7152.324328613281
2023-11-28,7041.073242,6658.052,6401.38349609375,6941.203161621093,6812.1704,6465.850573730469,7155.682873535156
2023-11-29,7036.086914,6687.9863,6451.458361816406,6976.173876953125,6790.156,6489.896472167969,7198.639965820313
2023-11-30,7080.741211,6684.6973,6447.724304199219,6958.884399414063,6866.011,6506.982836914062,7244.468103027343
2023-12-01,7059.905762,6702.015,6454.630737304688,6986.107043457031,6835.8667,6480.099584960937,7182.817712402343
2023-12-02,7059.905762,6692.131,6474.235241699219,6928.326513671875,6857.121,6419.386499023438,7292.010668945312
2023-12-03,7059.905762,6708.603,6414.542407226562,6941.054150390625,6863.3687,6495.091748046875,7285.915100097656
2023-12-04,7093.600098,6716.956,6423.257409667969,6996.187646484374,6850.7617,6462.167810058594,7162.157922363281
2023-12-05,7100.85498,6761.2363,6469.422583007812,7031.023254394531,6939.3213,6492.024011230469,7232.54677734375
2023-12-06,7087.39502,6728.264,6508.4776611328125,6976.805554199219,6892.987,6544.918762207031,7417.949182128906
2023-12-07,7134.623047,6730.208,6420.110864257813,7030.717907714844,6876.5864,6455.640405273438,7332.094091796875
2023-12-08,7159.598145,6743.726,6480.866076660156,7011.325451660156,6875.7144,6496.736083984375,7228.238757324219
2023-12-09,7159.598145,6771.865,6507.044946289063,7085.873803710938,6945.3594,6460.249438476562,7314.864160156249
2023-12-10,7159.598145,6743.5894,6493.334948730469,7033.28369140625,6925.197,6491.302026367188,7403.461547851562
2023-12-11,7088.785156,6767.0723,6531.359240722656,7070.520153808594,6991.281,6582.958959960937,7329.060144042969
2023-12-12,7125.307129,6788.4575,6478.953088378907,7134.605114746093,6954.494,6476.911364746094,7293.501330566406
2023-12-13,7075.34082,6793.0405,6529.302355957031,7083.232263183593,6932.745,6590.113745117187,7215.967736816406
2023-12-14,7176.016113,6794.3965,6547.328930664063,7064.855517578125,6954.285,6439.580151367188,7292.548803710937
2023-12-15,7190.987793,6791.2036,6503.913073730469,7091.435021972656,6934.507,6512.819775390625,7398.848901367187
2023-12-16,7190.987793,6815.381,6505.575671386719,7073.025793457031,7012.736,6544.875207519532,7445.145910644531
2023-12-17,7190.987793,6804.844,6550.871337890625,7055.713977050781,6967.9316,6623.9681640625,7406.908447265625
2023-12-18,7119.524902,6794.096,6453.474621582031,7101.118579101562,7000.379,6595.507897949219,7394.858459472656
2023-12-19,7187.846191,6835.1313,6484.912658691406,7178.909887695312,6972.659,6538.934460449219,7351.754504394531
2023-12-20,7219.666992,6830.2207,6586.406750488281,7123.168664550782,6942.3354,6525.800842285156,7343.620385742188
2023-12-21,7209.619141,6838.3867,6506.597741699219,7156.621533203125,7013.4507,6595.326843261719,7380.485510253906
2023-12-22,7237.519043,6824.8525,6559.57626953125,7167.391735839843,6984.453,6583.330883789063,7419.571496582031
2023-12-23,7237.519043,6831.3076,6502.1220703125,7145.685131835937,6970.1436,6602.943603515625,7311.467675781249
2023-12-24,7237.519043,6840.3145,6546.661633300781,7088.058764648437,7001.8237,6600.0208984375,7440.453845214844
2023-12-25,7237.519043,6841.017,6564.316516113281,7238.436425781249,7009.8,6520.814306640625,7415.6634521484375
2023-12-26,7237.519043,6857.7393,6559.205944824219,7141.390368652343,7050.098,6606.4100341796875,7463.305688476562
2023-12-27,7245.916016,6865.857,6547.0528564453125,7141.134387207031,7010.6133,6668.477526855469,7357.317578125
2023-12-28,7303.888184,6861.279,6543.691394042969,7229.815795898437,7038.3623,6601.14873046875,7382.983984375
2023-12-29,7272.796875,6878.5063,6600.584399414062,7143.164465332031,7038.1987,6570.034155273437,7369.504614257812
2023-12-30,7272.796875,6891.4067,6622.390466308594,7188.473364257812,7040.8706,6661.08125,7492.667956542968
2023-12-31,7272.796875,6889.64,6565.52490234375,7240.138256835938,7059.7236,6634.017883300781,7431.670544433594
2024-01-01,7272.796875,6906.135,6561.213586425782,7186.065637207031,7066.088,6603.4724609375,7522.271874999999
2024-01-02,7323.587891,6898.2075,6621.936083984375,7215.880334472656,7043.11,6624.9212890625,7458.97119140625
2024-01-03,7279.09082,6899.4233,6624.165307617188,7242.659289550781,7033.44,6642.141516113281,7400.646447753906
2024-01-04,7359.763184,6895.513,6610.894763183594,7211.978125,7044.5537,6650.781652832031,7485.137463378906
2024-01-05,7350.619141,6850.8438,6551.480773925781,7149.434240722656,7094.9204,6716.947216796875,7487.5819091796875
2024-01-06,7350.619141,6878.7905,6612.493701171875,7193.144628906249,7056.2593,6680.608837890625,7476.626745605468
2024-01-07,7350.619141,6918.9937,6678.273120117187,7203.15595703125,7099.0,6682.107849121094,7584.160302734374
2024-01-08,7283.575195,6893.1973,6648.45615234375,7203.800219726562,7069.649,6649.400183105468,7476.698168945312
2024-01-09,7200.203125,6917.6064,6607.958081054688,7233.653662109375,7086.232,6643.541027832031,7528.360900878906
2024-01-10,7227.296875,6898.0464,6615.287451171875,7214.467785644531,7099.507,6617.866979980468,7539.569763183594
2024-01-11,7219.963867,6866.0215,6587.548156738281,7158.777478027344,7075.438,6683.013916015625,7475.940356445312
2024-01-12,7241.138184,6842.565,6614.212670898438,7164.964440917968,7025.169,6626.975659179688,7443.577282714843
2024-01-13,7241.138184,6834.3564,6461.946887207031,7116.802392578124,7020.6235,6673.026831054687,7374.928784179688
2024-01-14,7241.138184,6860.4146,6605.7271728515625,7201.959326171875,7020.9917,6629.965502929687,7509.168994140625
2024-01-15,7224.000977,6846.666,6550.232629394532,7155.7873046875,7002.3594,6658.473498535156,7341.576452636718
2024-01-16,7242.787109,6805.795,6499.1474609375,7109.771704101562,7018.821,6608.53115234375,7436.905383300781
2024-01-17,7200.634766,6820.4805,6522.685583496093,7140.034313964843,6989.0723,6534.096228027343,7376.7986328125
2024-01-18,7252.966797,6803.213,6526.533532714844,7185.589221191406,6980.1113,6560.606640625,7503.536547851562
2024-01-19,7227.401855,6776.505,6481.888256835938,7060.113745117187,6986.485,6568.080603027343,7442.832385253906
2024-01-20,7227.401855,6818.274,6544.728186035156,7068.432116699218,6913.285,6488.664404296875,7349.779638671875
2024-01-21,7227.401855,6790.801,6520.532141113281,7057.002966308593,6959.319,6510.287390136718,7339.082189941406
2024-01-22,7247.928223,6769.996,6454.505126953125,7123.615307617187,6966.3096,6580.100500488281,7299.00986328125
2024-01-23,7256.229004,6768.2617,6518.084729003906,7057.933325195312,6968.3193,6610.448461914062,7387.222570800781
2024-01-24,7227.823242,6758.0356,6472.475891113281,7066.649609374999,6997.418,6478.952294921875,7505.586450195312
2024-01-25,7178.041992,6772.3223,6472.3890625,7099.029162597656,6956.3306,6544.706140136719,7382.4261474609375
2024-01-26,7137.087891,6744.608,6469.217797851563,7061.517590332031,6964.431,6566.772473144531,7262.192578125
2024-01-27,7137.087891,6763.64,6481.169494628906,7094.05,6980.1094,6572.3251953125,7315.046704101563
2024-01-28,7137.087891,6739.304,6476.362390136719,7082.541223144532,6949.8325,6500.965380859375,7354.000598144531
2024-01-29,7157.174805,6751.7524,6489.238842773438,7038.673779296875,6953.7056,6489.663269042969,7416.288159179687
2024-01-30,7192.21582,6724.9883,6415.945104980468,7025.951342773437,6885.246,6466.166650390625,7324.459790039063
2024-01-31,7207.940918,6751.868,6439.810791015625,7097.390148925781,6958.0645,6545.929406738282,7364.926501464844
2024-02-01,7201.695801,6717.1265,6459.436328125,7003.552172851562,6913.9883,6484.924877929688,7351.171411132812
2024-02-02,7238.785156,6723.0645,6372.398315429688,7058.944018554687,6929.5386,6482.15478515625,7315.155651855468
2024-02-03,7238.785156,6717.1636,6458.667260742188,6964.193493652344,6936.882,6479.241259765625,7326.771960449219
2024-02-04,7238.785156,6726.416,6404.339172363281,7021.630346679687,6919.3506,6496.907165527344,7348.63876953125
2024-02-05,7198.615234,6739.5996,6413.355700683594,7031.287451171875,6936.824,6508.1927734375,7339.444995117187
2024-02-06,7247.408203,6705.013,6394.905187988281,7019.22255859375,6958.504,6523.226818847656,7364.736267089844
2024-02-07,7235.151855,6742.192,6492.102368164063,7049.794287109375,6933.0967,6498.551818847656,7452.076318359374
2024-02-08,7235.151855,6737.399,6459.610302734375,7023.583642578125,6952.9287,6513.982946777343,7295.1224365234375
2024-02-09,7235.151855,6786.1636,6483.447192382812,7105.820886230468,6927.6973,6501.171704101563,7364.719763183593
2024-02-10,7235.151855,6727.8936,6428.774829101562,7041.89404296875,6948.162,6464.209008789063,7402.269616699218
2024-02-11,7235.151855,6726.767,6422.1357421875,7054.377893066407,6953.9595,6566.25419921875,7353.540905761719
2024-02-12,7297.668945,6758.351,6438.347985839844,7086.251818847656,6951.0474,6533.4893798828125,7340.101330566406
2024-02-13,7209.741211,6706.476,6424.447534179688,6985.3669921875,6939.5273,6417.667663574219,7397.6197265625
2024-02-14,7209.741211,6743.561,6431.72470703125,7023.443298339844,6944.065,6551.787573242187,7376.694860839843
2024-02-15,7303.280762,6732.287,6450.64716796875,6989.766711425781,6973.877,6548.477392578125,7442.497985839843
2024-02-16,7335.544922,6739.5337,6442.867346191406,6978.580908203125,6954.6133,6571.72138671875,7424.371850585937
2024-02-17,7335.544922,6711.7695,6452.390258789063,6987.609338378906,6985.017,6528.723913574218,7423.944006347656
2024-02-18,7335.544922,6731.319,6423.362194824219,7069.554162597656,6981.9995,6589.182275390625,7295.480493164062
2024-02-19,7296.702148,6735.3145,6444.39873046875,6988.359814453125,7004.4917,6583.945251464844,7488.659521484375
2024-02-20,7352.601074,6736.8506,6362.300146484375,7078.4876708984375,7012.7744,6685.905932617187,7361.297021484375
2024-02-21,7349.020996,6744.051,6445.454870605468,7113.568518066406,7029.6567,6547.509387207031,7580.121313476562
2024-02-22,7339.63623,6769.6924,6473.151452636719,7103.754235839843,7064.3887,6592.140173339843,7578.340856933593
2024-02-23,7295.095215,6727.069,6466.417785644531,7058.125646972656,6993.1846,6582.850439453125,7423.923730468749
2024-02-24,7295.095215,6722.9873,6333.4945068359375,7037.175646972656,6997.523,6525.7840576171875,7431.539831542968
2024-02-25,7295.095215,6756.463,6441.069067382812,7017.724584960937,7009.8994,6534.493139648437,7508.9595703125
2024-02-26,7283.823242,6756.504,6451.334033203125,7116.379602050781,7017.814,6539.400244140625,7460.574597167968
2024-02-27,7285.316895,6709.891,6364.616943359375,7007.20166015625,6974.3574,6565.027795410157,7469.781298828125
2024-02-28,7328.63623,6714.8926,6391.879016113281,7077.215112304687,7005.073,6393.35888671875,7482.783593749999
2024-02-29,7316.11084,6764.698,6430.258020019532,7088.063537597656,7002.4805,6508.908666992187,7523.215759277344
2024-03-01,7311.907227,6726.692,6427.56611328125,7038.569958496094,6973.4326,6586.070788574219,7349.2961547851555
2024-03-02,7311.907227,6729.1963,6376.901184082031,7056.186108398438,6962.623,6493.585534667969,7486.934533691406
2024-03-03,7311.907227,6702.152,6396.831005859375,7043.881994628906,7023.2095,6477.839697265625,7502.745385742187
2024-03-04,7276.749023,6699.2896,6346.355334472656,7007.256188964843,7019.1455,6611.352551269531,7385.104016113281
2024-03-05,7247.459961,6703.0405,6400.163513183594,7035.468164062499,6974.5176,6494.328039550781,7442.753637695312
2024-03-06,7329.800781,6666.0513,6312.203527832031,7075.375231933594,6981.3965,6564.049230957031,7414.110754394531
2024-03-07,7373.963867,6704.132,6444.675366210938,6957.821704101562,6923.7974,6552.855493164063,7398.124829101562
2024-03-08,7381.907227,6696.515,6337.587023925781,7053.428918457031,6972.3394,6553.127233886718,7510.698669433593
2024-03-09,7381.907227,6683.7725,6346.3665771484375,7127.6431884765625,6971.4087,6463.28935546875,7417.7471923828125
2024-03-10,7381.907227,6730.399,6440.712072753906,7023.8487548828125,7036.83,6593.488562011718,7480.306701660156
2024-03-11,7381.907227,6711.2437,6399.725073242187,7081.5954711914055,6983.2686,6410.089453125,7514.386120605468
2024-03-12,7381.907227,6746.5225,6408.342712402344,7103.117749023437,7041.7876,6573.457006835937,7499.572216796875
2024-03-13,7421.207031,6757.19,6387.76650390625,7118.074963378906,7033.6167,6525.674987792969,7482.484643554688
2024-03-14,7433.314941,6778.361,6456.158642578125,7087.833142089844,7053.935,6534.950134277344,7525.608679199218
2024-03-15,7328.054199,6765.1816,6434.857373046875,7117.638073730468,7063.1025,6518.809350585938,7493.649768066406
2024-03-16,7328.054199,6780.445,6417.707055664063,7099.801501464844,7111.5317,6694.519482421875,7527.235791015625
2024-03-17,7328.054199,6760.517,6467.717456054687,7081.447778320313,7118.6733,6669.000085449219,7538.626208496094
2024-03-18,7302.449219,6746.2627,6418.86494140625,7070.463159179687,7061.955,6574.693774414062,7529.009313964843
2024-03-19,7336.746094,6762.4463,6454.769799804688,7102.350061035156,7026.852,6612.409228515625,7603.539477539062
2024-03-20,7331.12793,6759.533,6456.865698242187,7098.951330566406,7014.0596,6566.550610351563,7498.581787109375
2024-03-21,7338.353027,6753.5654,6412.895947265625,7063.947644042969,7003.628,6472.277368164063,7534.401745605468
2024-03-22,7350.151855,6754.0713,6410.866125488281,7109.135961914062,7045.0327,6646.004870605469,7559.0389404296875
2024-03-23,7350.151855,6722.9194,6419.07685546875,7087.693469238281,7040.161,6572.240063476563,7475.1129150390625
2024-03-24,7350.151855,6716.017,6394.851904296875,7123.751977539063,7052.5215,6593.951977539063,7458.199255371093
2024-03-25,7377.759766,6725.1523,6430.216394042969,7105.983605957031,6953.6924,6305.700024414063,7432.0992431640625
2024-03-26,7365.664063,6706.514,6361.091564941406,7008.580847167968,7048.0874,6525.434802246094,7442.135229492187
2024-03-27,7310.091797,6704.555,6449.096606445312,7050.664587402343,7016.43,6515.517614746093,7388.997485351562
2024-03-28,7288.812988,6678.266,6365.2060546875,7031.956042480469,6985.654,6336.041638183594,7489.266845703125
2024-03-29,7288.812988,6687.634,6297.654077148438,7013.038745117187,6908.911,6438.737097167968,7368.70479736328
2024-03-30,7288.812988,6679.431,6362.264819335937,6955.041931152344,7013.5156,6458.33671875,7471.120874023437
2024-03-31,7288.812988,6646.846,6269.3822265625,6993.132836914062,6984.1836,6477.70166015625,7403.498815917968
2024-04-01,7205.061035,6662.509,6362.185119628906,6978.904223632812,6970.699,6492.395837402344,7442.969140624999
2024-04-02,7236.983887,6644.5093,6267.477490234375,6913.577416992188,6923.036,6341.011877441406,7380.792700195312
2024-04-03,7166.844238,6657.143,6320.017993164062,7033.7696533203125,6942.128,6486.203698730469,7389.857104492187
2024-04-04,7254.398926,6624.4326,6305.8812255859375,6945.317724609375,6931.8564,6446.1455078125,7465.987683105468
2024-04-05,7286.881836,6654.082,6343.008813476563,6901.571276855469,6900.415,6388.484045410156,7322.647692871094
2024-04-06,7286.881836,6681.0005,6305.6470947265625,6974.938098144531,6914.3975,6400.317761230469,7404.065295410156
2024-04-07,7286.881836,6653.812,6357.263610839844,6937.890942382813,6970.7744,6408.974877929688,7348.82373046875
2024-04-08,7286.881836,6688.161,6359.30068359375,7005.634680175781,6922.1357,6338.033276367188,7369.170227050781
2024-04-09,7286.881836,6671.4927,6347.875451660157,7071.493249511718,6945.9844,6480.951159667969,7394.965539550781
2024-04-10,7286.881836,6702.4146,6399.661291503906,7061.354187011718,6944.0684,6512.384057617188,7396.377331542969
2024-04-11,7286.881836,6665.696,6385.831018066407,7014.092724609375,6944.23,6454.4832763671875,7477.830078125
2024-04-12,7286.881836,6682.141,6400.542053222656,7016.078735351562,6965.987,6442.140844726562,7454.369836425782
2024-04-13,7286.881836,6661.7817,6323.591442871094,7028.37080078125,6973.0874,6576.067529296875,7407.179663085937
2024-04-14,7286.881836,6674.8643,6400.100439453125,6986.186755371094,6966.6934,6401.697436523437,7422.251452636719
2024-04-15,7286.881836,6654.753,6337.401892089843,6994.597155761719,7013.3467,6432.270458984375,7468.585290527344
2024-04-16,7164.807129,6656.051,6380.82060546875,6902.418017578125,6954.5737,6521.379748535156,7430.144433593749
2024-04-17,7130.84082,6627.5596,6307.365075683594,7004.261315917969,7003.426,6527.641784667969,7437.665283203124
2024-04-18,7166.813965,6630.1963,6311.643518066407,6940.375439453125,6940.7036,6545.841369628906,7339.1185546875
2024-04-19,7087.316895,6608.1475,6316.344445800782,6901.781481933594,6856.346,6439.7630615234375,7362.909448242187
2024-04-20,7087.316895,6607.3857,6289.417468261719,6937.604333496093,6849.9395,6387.389831542969,7320.313269042968
2024-04-21,7087.316895,6586.3374,6359.089343261719,6804.930944824218,6840.861,6413.827416992188,7399.10517578125
2024-04-22,7073.819824,6598.5337,6239.652062988282,6888.7880859375,6804.034,6359.6534423828125,7268.089880371093
2024-04-23,7110.812988,6601.8423,6232.086633300782,6926.835803222656,6815.621,6362.03564453125,7283.415930175781
2024-04-24,7174.533203,6601.442,6352.452355957032,6986.000012207031,6813.409,6355.077429199218,7288.446472167968
2024-04-25,7155.293945,6617.63,6248.322680664062,6964.6846923828125,6855.7427,6321.649719238281,7348.388586425781
2024-04-26,7036.075195,6611.294,6293.266943359375,6917.5364990234375,6874.8765,6412.634436035156,7377.665319824218
2024-04-27,7036.075195,6587.3833,6275.131628417968,6887.059155273438,6838.3623,6406.838537597656,7355.373498535156
2024-04-28,7036.075195,6617.275,6318.329614257813,6962.836657714844,6811.467,6361.249975585937,7257.693579101562
2024-04-29,7155.78418,6611.743,6331.71875,7046.532556152343,6856.4155,6405.526196289063,7320.826525878906
2024-04-30,7234.196777,6573.925,6258.318225097656,6896.43536376953,6858.848,6440.827624511719,7367.427502441406
2024-05-01,7234.196777,6589.489,6288.134204101562,6887.854516601562,6879.244,6494.722387695312,7271.81329345703
2024-05-02,7117.424805,6580.6333,6317.805969238281,6872.502368164062,6864.9043,6396.858288574219,7336.549890136718
2024-05-03,7134.724121,6634.5806,6397.167651367187,6957.917687988281,6894.5864,6417.63740234375,7421.772888183594
2024-05-04,7134.724121,6621.353,6332.650024414063,6903.864135742188,6871.7485,6424.175219726562,7321.694226074219
2024-05-05,7134.724121,6596.313,6338.950109863281,6952.966198730469,6888.5537,6420.512622070312,7399.949060058593
2024-05-06,7135.890137,6635.431,6338.809033203125,6940.834020996093,6897.486,6365.643481445312,7345.625012207031
2024-05-07,7123.611816,6631.5396,6310.527038574219,6901.472668457031,6859.743,6419.222705078125,7258.900769042969
2024-05-08,7088.794922,6604.0537,6330.961389160157,6956.880700683594,6910.4263,6452.17568359375,7376.2318115234375
2024-05-09,7088.794922,6634.716,6350.331457519531,6889.808044433594,6820.728,6312.64716796875,7232.813867187499
2024-05-10,7088.794922,6631.1113,6309.73779296875,6936.213574218749,6842.564,6250.368701171875,7340.409143066406
2024-05-11,7088.794922,6621.803,6318.957067871093,6931.4005126953125,6846.5625,6280.550964355469,7264.808642578125
2024-05-12,7088.794922,6624.0894,6341.642138671875,6917.695190429688,6814.485,6325.879064941406,7304.257824707031
2024-05-13,7099.26123,6617.552,6315.540734863282,6905.554162597656,6833.397,6308.793896484375,7332.065856933594
2024-05-14,7083.763184,6610.893,6289.115100097656,6916.543054199219,6757.6904,6261.399401855469,7209.710363769531
2024-05-15,7179.831055,6607.416,6336.778955078125,6924.25274658203,6848.15,6360.977160644531,7370.80302734375
2024-05-16,7246.695801,6633.7686,6301.5814453125,6952.849365234375,6836.833,6255.153540039062,7179.935754394531
2024-05-17,7317.237793,6631.145,6306.402087402344,6895.451928710938,6836.898,6365.278552246094,7323.305236816406
2024-05-18,7317.237793,6643.478,6355.209387207031,6962.838745117188,6868.244,6389.077209472656,7361.564697265624
2024-05-19,7317.237793,6685.2656,6335.413549804687,6976.924291992187,6936.7,6484.294750976563,7439.534045410156
2024-05-20,7266.690918,6708.4077,6477.524096679687,7009.146166992187,6921.3936,6362.973657226563,7442.429516601563
2024-05-21,7186.037109,6731.02,6416.944653320313,7091.721740722656,6962.3496,6458.695495605469,7456.156445312499
2024-05-22,7222.381836,6715.945,6378.059973144531,6982.497485351562,6930.8438,6504.61328125,7403.699548339843
2024-05-23,7222.381836,6705.79,6358.271752929688,7051.536059570311,6956.2373,6528.885266113281,7413.021508789062
2024-05-24,7222.381836,6722.708,6446.126171875,7014.747241210937,6949.42,6438.860119628906,7374.988781738281
2024-05-25,7222.381836,6679.311,6338.396752929688,6995.423461914063,6894.4575,6264.021496582031,7338.221020507813
2024-05-26,7222.381836,6691.703,6356.827807617187,7082.388952636718,6928.0093,6437.22587890625,7481.405725097657
2024-05-27,7176.419922,6655.0195,6379.636083984375,6960.929528808594,6935.0205,6528.673022460937,7324.9754638671875
2024-05-28,7253.625977,6690.3086,6389.05478515625,7000.444494628906,6866.71,6421.2498779296875,7341.1812744140625
2024-05-29,7140.229004,6684.658,6319.756860351563,7006.439660644531,6908.44,6445.486511230469,7304.511743164063
2024-05-30,7034.14209,6717.4956,6396.323059082031,7188.529138183593,6908.877,6516.372180175781,7272.516857910156
2024-05-31,6970.73584,6661.679,6405.276208496094,7052.799084472656,6852.37,6357.956689453125,7303.657763671875
2024-06-01,6970.73584,6629.723,6341.582385253906,6889.452990722656,6847.1714,6424.4931640625,7339.293640136718
2024-06-02,6970.73584,6608.8223,6309.044543457031,6926.951354980469,6806.281,6370.836999511719,7245.059399414062
2024-06-03,7036.190918,6640.236,6291.650744628906,6933.826086425781,6753.413,6224.434948730469,7200.026171875
2024-06-04,7099.312012,6577.703,6241.247521972657,6947.539660644531,6770.172,6270.614660644531,7271.876245117187
2024-06-05,6947.669922,6569.292,6273.039819335938,6934.203564453124,6717.9155,6256.254602050782,7140.07548828125
2024-06-06,6974.896973,6541.3,6242.4943359375,6860.310498046875,6724.0005,6250.9205322265625,7191.987561035156
2024-06-07,6897.950195,6544.2476,6235.387866210937,6859.901293945312,6703.643,6192.143481445312,7223.240502929687
2024-06-08,6897.950195,6526.369,6237.794372558594,6886.831982421875,6698.15,6225.178894042969,7200.8347290039055
2024-06-09,6897.950195,6518.45,6210.461608886719,6769.017443847656,6720.9277,6186.665344238281,7164.926062011718
2024-06-10,6921.547852,6518.524,6194.808215332031,6840.5739868164055,6681.0684,6293.199975585938,7078.613366699218
2024-06-11,6855.690918,6499.471,6229.755810546875,6823.166491699219,6639.4277,6144.19140625,7097.732470703125
2024-06-12,6850.097168,6452.7305,6108.79658203125,6767.885107421875,6668.6636,6182.737097167968,7119.3843994140625
2024-06-13,6831.563965,6438.4805,6181.523254394531,6704.096398925781,6631.946,6162.358056640625,7141.969506835937
2024-06-14,6734.832031,6470.0713,6176.324609375,6781.585168457031,6612.803,6108.341174316406,7176.737548828125
2024-06-15,6734.832031,6411.22,6022.337805175781,6724.029870605468,6583.2256,6060.438635253906,7092.3338867187485
2024-06-16,6734.832031,6383.368,6111.044128417969,6702.257873535156,6522.011,6025.5509033203125,6940.623352050781
2024-06-17,6734.832031,6407.82,6091.4177734375,6728.747607421875,6574.6445,6098.732751464844,7054.683251953124
2024-06-18,6734.832031,6354.3066,6060.021337890625,6630.522204589844,6506.688,6046.928015136718,7014.939782714843
2024-06-19,6726.918945,6352.953,6103.537438964844,6658.864648437499,6495.2754,6054.311242675782,7026.120385742187
2024-06-20,6819.320801,6332.7344,6000.144580078125,6678.036047363281,6537.7275,6170.446948242187,6960.610803222656
2024-06-21,6879.978027,6325.0723,6042.149584960937,6607.339221191406,6479.5176,5993.966052246094,6975.293615722656
2024-06-22,6879.978027,6323.06,6031.090905761719,6665.935473632812,6547.065,6022.1123046875,7054.612744140625
2024-06-23,6879.978027,6335.29,6049.679467773438,6680.82724609375,6494.933,5966.006323242187,7019.4671630859375
2024-06-24,6889.165039,6336.93,6057.11435546875,6687.549426269531,6546.485,6175.5369140625,7021.088842773437
2024-06-25,6882.704102,6366.1787,6080.748718261719,6712.494799804687,6556.857,6042.832104492188,7056.653466796874
2024-06-26,6905.64209,6373.2017,6079.785290527344,6670.746557617187,6545.368,5987.332263183594,7014.093664550781
2024-06-27,6967.951172,6375.544,6034.91162109375,6653.122717285156,6573.1606,6136.793627929687,7072.6265869140625
2024-06-28,7063.577148,6378.5796,6060.013818359375,6703.602392578125,6596.732,6049.446447753906,7171.463415527343
2024-06-29,7063.577148,6399.5767,6049.839501953125,6729.14287109375,6647.1943,6162.280651855469,7103.847314453125
2024-06-30,7063.577148,6395.69,6082.702319335937,6752.542028808593,6672.252,6241.67177734375,7241.975988769531
2024-07-01,7139.625977,6411.2295,6122.334643554687,6671.656909179687,6701.525,6226.925207519531,7197.198193359375
2024-07-02,7125.14209,6443.241,6157.522863769531,6724.523767089844,6679.7275,6178.098071289062,7176.865393066406
2024-07-03,7196.754883,6452.558,6121.58349609375,6786.004357910156,6719.444,6285.599621582031,7243.922497558593
2024-07-04,7220.88916,6454.136,6169.594689941407,6730.441845703125,6759.9287,6311.911584472657,7258.426538085937
2024-07-05,7253.37207,6479.252,6193.117150878907,6763.826245117187,6765.9414,6330.450048828125,7210.625500488281
2024-07-06,7253.37207,6488.7983,6146.214526367187,6869.479809570313,6811.4604,6242.174670410156,7244.137219238281
2024-07-07,7253.37207,6478.3677,6132.382385253906,6799.114306640625,6764.7656,6264.153369140625,7249.278674316405
2024-07-08,7250.977051,6546.119,6270.03681640625,6841.401440429688,6798.2905,6309.994128417969,7404.309655761718
2024-07-09,7269.800781,6514.6807,6207.078894042968,6864.106103515624,6821.404,6307.935241699219,7275.01875
2024-07-10,7287.041992,6535.0845,6153.997888183594,6915.409973144531,6852.6187,6364.71005859375,7338.067932128906
2024-07-11,7300.407227,6550.369,6247.616174316407,6855.6646484375,6870.9155,6350.278894042969,7456.710961914062
2024-07-12,7327.580078,6577.5195,6257.156030273438,6827.102062988281,6839.59,6282.660754394531,7283.5109375
2024-07-13,7327.580078,6561.6123,6249.442077636719,6847.479187011719,6818.9087,6275.409606933594,7265.166992187499
2024-07-14,7327.580078,6593.475,6265.091687011719,6878.884277343749,6870.46,6384.137890625,7281.159948730468
2024-07-15,7278.862793,6579.127,6253.674658203125,6895.798779296875,6881.3535,6441.592980957032,7417.974096679687
2024-07-16,7224.292969,6598.851,6244.473962402344,7005.696618652343,6889.63,6378.784741210938,7359.508520507812
2024-07-17,7224.217773,6601.2944,6268.71123046875,6979.968469238281,6889.082,6304.348352050782,7361.362463378906
2024-07-18,7321.070801,6529.457,6242.724548339844,6856.5296875,6871.2607,6351.304663085937,7415.171520996093
2024-07-19,7294.495117,6563.0,6236.883020019532,6904.885913085937,6836.1787,6234.032678222657,7323.647998046875
2024-07-20,7294.495117,6595.509,6317.3795166015625,6866.773645019531,6861.803,6369.084912109375,7316.494311523437
2024-07-21,7294.495117,6567.0684,6249.227124023438,6874.342248535156,6878.2783,6393.6580078125,7408.462121582031
2024-07-22,7321.976074,6602.8643,6311.994934082031,6892.241235351562,6917.858,6403.344445800782,7446.269641113281
2024-07-23,7313.856934,6614.364,6304.240966796875,6878.077416992188,6881.252,6362.064636230469,7409.439379882812
2024-07-24,7262.758789,6597.5996,6328.129895019531,6950.487976074219,6896.5625,6453.128308105469,7319.006127929688
2024-07-25,7240.276855,6593.5117,6283.030981445312,6870.205358886718,6887.784,6367.49150390625,7347.559631347656
2024-07-26,7288.166992,6608.6113,6305.863989257812,6965.9975708007805,6889.123,6426.259912109375,7370.459045410156
2024-07-27,7288.166992,6605.3657,6279.391467285156,6912.625463867187,6828.179,6255.002709960938,7345.409582519531
2024-07-28,7288.166992,6616.065,6275.939001464843,6954.9161376953125,6906.967,6508.076721191406,7416.713513183593
2024-07-29,7288.896973,6615.081,6216.907775878906,6910.835705566406,6871.9033,6364.126477050781,7353.7573364257805
2024-07-30,7241.86377,6636.674,6317.066650390625,6998.7249755859375,6934.6113,6394.222766113281,7525.0645751953125
2024-07-31,7255.762207,6612.4487,6310.890380859375,6998.779345703125,6896.525,6384.1771240234375,7400.745251464843
2024-08-01,7325.984863,6610.6963,6322.682482910156,6986.978344726562,6866.8574,6426.3909912109375,7314.693408203125
2024-08-02,7308.123047,6650.473,6343.735974121094,6944.184240722656,6895.3564,6302.812915039062,7498.0864624023425
2024-08-03,7308.123047,6653.116,6283.56640625,7006.318762207031,6909.5825,6498.645642089844,7392.107739257813
2024-08-04,7308.123047,6627.28,6309.838671875,6958.33642578125,6919.66,6405.298803710937,7498.632922363281
2024-08-05,7059.652832,6687.5625,6398.759912109375,7010.874377441406,6957.3755,6520.077856445312,7344.405224609375
2024-08-06,7129.214844,6653.206,6378.463745117188,6957.871875,6865.757,6446.7849609375,7324.718493652344
2024-08-07,7212.130859,6665.392,6386.1915283203125,6995.785498046875,6901.4346,6516.09501953125,7323.275671386718
2024-08-08,7195.121094,6638.659,6326.697033691406,7000.628002929687,6855.643,6391.480322265625,7400.285766601562
2024-08-09,7256.996094,6686.7676,6390.688562011719,7091.7740234375,6834.7485,6357.937780761718,7237.758691406249
2024-08-10,7256.996094,6680.9614,6377.843176269531,7016.533471679688,6896.4785,6458.979541015625,7422.437646484374
2024-08-11,7256.996094,6689.2144,6386.793518066406,6982.028149414063,6897.9214,6431.50478515625,7340.40419921875
2024-08-12,7297.625,6698.338,6389.656481933594,6975.79345703125,6936.4077,6422.189221191406,7363.795104980469
2024-08-13,7356.638184,6725.2783,6444.567956542969,7015.907788085938,6940.7,6362.106469726563,7317.266638183593
2024-08-14,7436.039063,6736.3374,6422.210412597657,7059.225048828125,6977.642,6497.311767578125,7449.913684082031
2024-08-15,7409.500977,6734.6333,6412.216760253907,7083.600158691406,7012.4785,6543.347009277344,7461.5020751953125
2024-08-16,7432.089844,6721.0356,6435.404565429688,7000.212390136719,7017.7725,6541.302319335938,7484.324914550781
2024-08-17,7432.089844,6775.8955,6486.269665527344,7094.644897460937,7052.4883,6654.582189941406,7616.043774414062
2024-08-18,7432.089844,6751.4883,6458.792614746094,7038.280163574219,7054.739,6580.36455078125,7424.190881347657
2024-08-19,7466.831055,6766.0337,6455.882861328125,7081.743469238281,7117.25,6488.3631591796875,7593.1982543945305
2024-08-20,7533.984863,6763.891,6406.526904296875,7111.167907714844,6965.3105,6417.852075195313,7403.775183105468
2024-08-21,7554.592773,6795.7563,6515.046520996094,7067.482690429688,7118.569,6635.965808105469,7500.062121582031
2024-08-22,7488.675781,6802.6494,6471.881372070313,7089.600830078125,7097.62,6577.712902832031,7518.575512695313
2024-08-23,7544.297852,6806.4644,6515.669616699219,7069.012585449219,7096.9717,6637.21669921875,7556.72041015625
2024-08-24,7544.297852,6808.7744,6509.29892578125,7181.92197265625,7093.9526,6640.537084960937,7492.086779785156
2024-08-25,7544.297852,6827.2876,6492.470434570312,7166.955078125,7111.465,6592.353686523437,7545.36669921875
2024-08-26,7606.194824,6801.9077,6489.052954101562,7172.7012939453125,7138.426,6551.5052490234375,7625.648400878907
2024-08-27,7597.880859,6865.2954,6498.234240722656,7192.751208496094,7122.0684,6570.047155761718,7618.384545898437
2024-08-28,7658.875,6853.6143,6598.375476074219,7193.32275390625,7171.476,6687.205029296875,7685.4955078125
2024-08-29,7627.604004,6871.4346,6569.8830078125,7203.933679199219,7195.321,6742.826696777343,7614.943566894531
2024-08-30,7670.73291,6866.8594,6527.382116699218,7213.62109375,7151.6523,6690.90859375,7644.115869140625
2024-08-31,7670.73291,6855.3633,6575.555725097656,7246.762731933593,7142.8633,6623.486999511719,7582.107604980469
2024-09-01,7670.73291,6886.2573,6607.993872070312,7250.1585937499985,7226.115,6736.05146484375,7675.871398925781
2024-09-02,7694.529785,6893.364,6603.535083007812,7193.181469726563,7255.292,6686.9373779296875,7666.8322265625
2024-09-03,7616.520996,6851.4526,6514.698498535156,7135.761767578125,7181.911,6719.298779296875,7636.244934082031
2024-09-04,7672.895996,6894.0776,6593.858203125,7211.7693359375,7194.236,6762.148950195313,7696.782373046874
2024-09-05,7681.042969,6930.5796,6576.189453125,7252.135070800781,7201.178,6821.788098144531,7621.987670898437
2024-09-06,7721.846191,6911.7896,6629.96787109375,7187.249133300781,7226.2676,6710.417431640625,7744.863305664062
2024-09-07,7721.846191,6945.7583,6614.01396484375,7288.730090332031,7217.743,6610.504455566406,7699.144860839843
2024-09-08,7721.846191,6963.252,6702.138232421875,7317.878100585937,7232.6626,6787.695715332031,7702.273095703124
2024-09-09,7702.73877,6951.357,6670.0413818359375,7228.764916992188,7301.331,6914.158520507813,7760.357165527344
2024-09-10,7761.388184,6956.22,6704.357141113282,7339.326416015625,7254.7725,6679.311535644531,7687.969409179686
2024-09-11,7760.955078,6947.8823,6668.275158691406,7181.318432617188,7266.9614,6782.632678222656,7745.351257324218
2024-09-12,7798.153809,6982.541,6726.331628417969,7245.530444335937,7293.388,6697.969323730469,7749.261328125
2024-09-13,7812.130859,6963.732,6658.152099609375,7297.477087402343,7325.669,6942.691931152343,7725.8232543945305
2024-09-14,7812.130859,6992.4927,6635.886315917969,7339.306628417969,7325.6064,6679.443579101562,7811.900537109374
2024-09-15,7812.130859,6975.0107,6725.616296386719,7189.175256347657,7296.658,6792.5513671875,7741.546850585937
2024-09-16,7812.130859,7014.871,6748.160180664063,7357.926684570311,7307.467,6732.798413085938,7818.414318847656
2024-09-17,7831.778809,7015.6157,6728.88515625,7301.821228027344,7326.3154,6663.550708007812,7818.82763671875
2024-09-18,7829.134766,7022.652,6750.682824707032,7352.049963378906,7365.8433,6934.396374511719,7907.860046386719
2024-09-19,7905.390137,7006.3076,6745.841479492187,7376.4476318359375,7365.7783,6857.48828125,7813.351623535156
2024-09-20,7743.003906,7021.1357,6700.299389648438,7358.134790039062,7367.4277,6852.768798828125,7900.504992675781
2024-09-21,7743.003906,7014.695,6714.5220947265625,7291.627453613281,7376.016,6925.84873046875,7807.939001464843
2024-09-22,7743.003906,6983.062,6653.086987304688,7355.112353515625,7345.06,6832.77041015625,7813.836010742188
2024-09-23,7775.730957,7020.7773,6657.898876953125,7364.630541992187,7333.002,6785.279846191406,7834.180004882813
2024-09-24,7778.491211,7019.7046,6701.069360351563,7380.409887695312,7364.301,6904.530908203125,7761.345776367188
2024-09-25,7740.901855,7014.6367,6759.957995605469,7334.030554199218,7310.302,6800.398901367187,7850.405175781249
2024-09-26,7744.516113,6980.4673,6684.158361816406,7264.725610351563,7360.589,6846.80966796875,7815.6130859375
2024-09-27,7696.916016,6990.496,6673.376733398438,7296.950402832031,7345.1567,6796.0255126953125,7879.1708984375
2024-09-28,7696.916016,7012.0215,6638.420910644531,7350.571875,7330.0493,6797.51181640625,7801.843676757811
2024-09-29,7696.916016,6970.8794,6663.176293945313,7335.468762207031,7273.6226,6795.043872070312,7812.67705078125
2024-09-30,7527.929199,6954.8193,6613.04638671875,7334.953247070312,7261.359,6701.167163085937,7748.558874511718
2024-10-01,7642.132813,6937.687,6648.877258300781,7282.094226074219,7229.7764,6722.658923339844,7586.909155273437
2024-10-02,7563.262207,6978.128,6695.607275390625,7306.5902099609375,7262.377,6811.623303222656,7671.541418457031
2024-10-03,7543.828125,6909.342,6593.126257324218,7253.340319824219,7227.0137,6751.356530761719,7718.587048339843
2024-10-04,7496.09082,6915.5996,6653.348608398437,7300.890002441406,7214.585,6758.009558105468,7715.672827148437
2024-10-05,7496.09082,6877.766,6562.082873535156,7211.576220703125,7167.0576,6702.352160644531,7658.3806640625
2024-10-06,7496.09082,6904.8164,6614.483166503906,7285.354602050781,7171.5176,6731.96455078125,7591.070886230468
2024-10-07,7504.134766,6887.2944,6597.181188964843,7292.660510253906,7174.5293,6641.101989746094,7589.584338378906
2024-10-08,7557.14209,6886.991,6606.113146972656,7183.863854980469,7152.2676,6736.492651367187,7614.360705566405
2024-10-09,7501.285156,6872.5317,6588.884606933594,7142.038793945312,7127.064,6658.503833007812,7589.14093017578
2024-10-10,7480.080078,6870.1807,6564.181677246093,7156.755163574218,7102.576,6577.338562011719,7608.679675292969
2024-10-11,7520.602051,6858.556,6521.48125,7203.831787109375,7129.0825,6756.478698730469,7555.696948242187
2024-10-12,7520.602051,6826.721,6519.581262207032,7156.873400878906,7138.1973,6731.099780273437,7572.856140136719
2024-10-13,7520.602051,6874.111,6580.665563964843,7167.179650878906,7102.826,6652.156335449219,7501.916711425781
2024-10-14,7559.654785,6831.9883,6538.205407714844,7124.810229492186,7124.821,6555.703820800782,7547.184375
2024-10-15,7626.951172,6858.804,6554.651879882813,7142.744982910156,7116.4316,6653.106921386719,7541.582592773438
2024-10-16,7648.939941,6846.574,6564.632299804687,7194.024523925781,7136.4355,6578.460766601563,7574.760864257812
2024-10-17,7735.039063,6845.388,6587.877124023437,7149.469128417969,7074.205,6673.415881347656,7480.0526123046875
2024-10-18,7760.060059,6896.99,6577.3587646484375,7206.976501464844,7169.4155,6617.633447265625,7622.170886230469
2024-10-19,7760.060059,6896.639,6583.877844238281,7215.388037109375,7160.333,6662.219189453125,7620.064123535156
2024-10-20,7760.060059,6927.09,6596.951879882812,7259.240112304687,7199.6274,6739.529260253907,7686.477563476562
2024-10-21,7772.596191,6914.895,6631.678723144531,7231.416271972655,7237.0215,6739.767651367188,7637.092480468749
2024-10-22,7788.98291,6906.108,6604.41328125,7245.8379028320305,7225.2075,6764.821398925781,7683.870507812499
2024-10-23,7787.564941,6901.4956,6597.167687988282,7175.485388183593,7249.328,6738.923901367188,7659.803894042969
2024-10-24,7716.548828,6945.815,6679.054467773438,7296.830627441406,7266.9487,6786.006567382812,7726.844958496094
2024-10-25,7694.660156,6905.966,6609.24326171875,7198.909826660156,7240.6636,6868.335363769531,7693.783337402344
2024-10-26,7694.660156,6926.661,6676.364953613282,7148.255603027344,7237.584,6745.926867675781,7698.31015625
2024-10-27,7694.660156,6932.14,6623.000866699219,7285.933911132812,7236.406,6860.7991943359375,7637.659020996094
2024-10-28,7634.630859,6925.005,6662.011462402344,7276.347546386719,7248.842,6756.496411132813,7764.196215820312
2024-10-29,7606.600098,6917.2773,6625.957507324219,7215.530895996094,7225.7114,6804.147253417968,7790.6511596679675
2024-10-30,7569.850098,6900.448,6570.533093261719,7157.547277832031,7203.2627,6692.140222167969,7721.623486328125
2024-10-31,7574.019043,6896.79,6582.25185546875,7240.903356933593,7186.183,6727.275720214844,7704.222717285156
2024-11-01,7505.256836,6881.8,6562.377062988281,7235.2619140625,7208.239,6801.884973144532,7703.279089355468
2024-11-02,7505.256836,6853.003,6550.474963378906,7189.616149902344,7149.431,6668.089099121094,7542.760485839844
2024-11-03,7505.256836,6849.029,6586.17421875,7103.673120117188,7127.582,6624.14189453125,7648.104211425782
2024-11-04,7479.50293,6850.453,6558.368127441407,7169.587329101562,7105.561,6564.793078613281,7642.042541503906
2024-11-05,7491.931152,6848.852,6558.066979980469,7063.73779296875,7102.201,6587.42685546875,7577.691821289062
2024-11-06,7383.868164,6820.8677,6527.807434082031,7144.186267089844,7067.281,6534.256982421875,7555.705590820311
2024-11-07,7243.859863,6822.994,6542.325695800781,7102.917309570313,7077.676,6702.585876464844,7461.98370361328
2024-11-08,7287.190918,6787.8857,6497.799670410156,7081.084631347656,7012.072,6599.472583007812,7442.03681640625
2024-11-09,7287.190918,6754.227,6431.811450195312,7037.537365722656,7006.5195,6553.191809082031,7515.564099121093
2024-11-10,7287.190918,6750.957,6462.641650390625,7039.7384033203125,6997.3906,6477.664123535156,7345.309155273438
2024-11-11,7266.459961,6723.205,6411.54697265625,7012.762878417969,6976.8735,6515.132336425781,7440.430725097655
2024-11-12,7321.98584,6705.958,6457.246875,7047.27958984375,6941.1562,6486.985302734375,7466.742431640624
2024-11-13,7308.670898,6680.5063,6421.802490234375,6976.40966796875,6954.518,6503.818664550781,7473.595727539062
2024-11-14,7214.561035,6694.698,6374.206579589843,7029.483068847656,6868.3486,6340.48671875,7479.4442382812485
2024-11-15,7161.257813,6647.5376,6356.526477050781,6935.0708129882805,6953.694,6334.809228515625,7446.807177734374
2024-11-16,7161.257813,6627.192,6356.210046386719,6917.596569824218,6883.215,6377.605261230468,7382.375598144531
2024-11-17,7161.257813,6620.517,6290.971569824219,7027.569274902344,6916.8486,6401.257116699218,7417.332495117187
2024-11-18,7134.276855,6594.5474,6300.649243164063,6871.687573242188,6862.5825,6353.534753417969,7306.545605468748
2024-11-19,7195.714844,6609.655,6302.022424316407,6922.82647705078,6866.9795,6372.77744140625,7319.161401367187
2024-11-20,7180.334961,6580.514,6287.503930664063,6841.283264160156,6868.5254,6176.768383789063,7294.65986328125
2024-11-21,7140.912109,6596.8945,6275.400012207031,6985.763037109375,6851.256,6327.575158691407,7300.155053710938
2024-11-22,7195.564941,6594.189,6242.622033691407,6893.028588867187,6829.862,6289.472521972656,7329.0926513671875
2024-11-23,7195.564941,6595.002,6251.5447265625,6956.073120117188,6834.3613,6269.4327392578125,7344.568896484375
2024-11-24,7195.564941,6575.128,6238.640881347656,6951.852685546874,6843.5273,6407.254602050782,7359.422290039062
2024-11-25,7314.10791,6566.319,6210.300756835937,6872.407702636719,6864.906,6286.916589355469,7449.666430664062
2024-11-26,7245.888184,6573.0664,6256.772314453125,6871.04248046875,6836.304,6316.715161132813,7270.621838378906
2024-11-27,7245.888184,6582.63,6273.358154296875,6853.902746582031,6918.253,6377.240637207031,7483.010498046875
2024-11-28,7200.157227,6590.32,6295.194177246094,6973.419165039062,6928.0674,6477.033337402344,7381.486804199219
2024-11-29,7114.266113,6616.369,6248.437390136719,6895.599572753907,6924.755,6440.541235351562,7463.399938964843
2024-11-30,7114.266113,6600.581,6231.521240234375,6876.675463867187,6907.892,6488.429907226562,7406.015905761718
2024-12-01,7114.266113,6603.3623,6289.585388183594,6909.242065429688,6890.0005,6393.6019287109375,7354.801281738281
2024-12-02,7046.98584,6566.23,6308.25732421875,6928.184887695312,6841.61,6271.978784179688,7287.942358398437
2024-12-03,7196.01709,6571.2144,6223.212097167969,6864.148400878906,6868.3745,6198.909521484375,7382.434741210937
2024-12-04,7326.76416,6580.3306,6282.579992675781,6880.098779296875,6795.3174,6298.941796875,7359.342919921874
2024-12-05,7313.312988,6552.9785,6222.674072265625,6927.247119140625,6849.81,6336.791674804687,7381.48076171875
2024-12-06,7382.785156,6618.6274,6202.792687988282,7008.388537597656,6872.5713,6328.559289550782,7426.836889648437
2024-12-07,7382.785156,6589.8286,6220.114025878906,6889.421191406249,6904.663,6427.59833984375,7409.945556640625
2024-12-08,7382.785156,6603.295,6219.138269042969,6965.285192871093,6892.6133,6373.08779296875,7360.942468261719
2024-12-09,7437.730957,6609.7593,6199.082116699219,6982.834729003906,6923.834,6360.014453125,7479.604931640624
2024-12-10,7453.287109,6652.235,6323.438696289062,7071.078051757812,6993.35,6493.913427734375,7479.38486328125
2024-12-11,7464.751953,6646.933,6340.425561523438,6970.072192382812,6967.8936,6461.408959960938,7547.333166503905
2024-12-12,7394.237793,6682.2607,6308.06181640625,7043.769458007812,6946.8496,6462.943200683594,7461.230529785156
2024-12-13,7324.789063,6664.2275,6362.6322265625,7057.101623535156,6929.175,6443.980297851563,7462.530541992187
2024-12-14,7324.789063,6616.7207,6299.771752929688,6992.818774414062,6987.726,6340.360876464843,7520.493762207031
2024-12-15,7324.789063,6668.3867,6347.141052246094,7014.720910644531,6967.344,6421.407470703125,7393.361340332031
2024-12-16,7258.630859,6640.9355,6365.415112304688,6965.660778808593,6965.3965,6348.902453613281,7642.059350585937
2024-12-17,7157.731934,6584.225,6319.731274414063,6938.990698242186,6910.95,6513.835461425781,7422.845251464843
2024-12-18,7107.875,6608.447,6300.977954101562,6987.607836914062,6922.783,6357.135083007813,7448.17822265625
2024-12-19,6977.237793,6595.9795,6282.380407714843,7029.676440429687,6863.328,6368.923083496094,7359.58525390625
2024-12-20,6983.865234,6556.1133,6244.119396972656,6890.144458007812,6834.201,6271.254479980469,7292.214318847656
2024-12-21,6983.865234,6524.2144,6166.354040527343,6878.529650878906,6802.3164,6246.572583007813,7276.086474609375
2024-12-22,6983.865234,6524.4014,6169.5069580078125,6960.857934570312,6722.493,6246.802099609375,7182.474694824219
2024-12-23,7096.444824,6470.583,6128.647741699218,6835.023095703125,6762.8843,6229.95927734375,7322.120544433594
2024-12-24,7065.746094,6455.75,6119.21650390625,6754.948474121094,6735.913,6290.877722167968,7208.11650390625
2024-12-25,7065.746094,6491.9624,6155.050280761719,6809.8595703125,6726.176,6295.01328125,7175.590905761718
2024-12-26,7065.746094,6460.9595,6199.914990234375,6788.746838378906,6753.3535,6215.551159667969,7272.351135253905
2024-12-27,7036.570801,6437.6035,6150.09462890625,6680.451928710937,6774.929,6269.476428222656,7245.984362792969
2024-12-28,7036.570801,6455.075,6154.437854003906,6790.983776855469,6736.9126,6135.227819824218,7275.77667236328
2024-12-29,7036.570801,6457.4033,6157.318469238281,6787.1916015625,6732.817,6286.033312988281,7172.279272460937
2024-12-30,7079.904785,6433.2373,6106.46669921875,6710.998669433594,6701.034,6283.187915039062,7216.3425659179675
2024-12-31,7079.904785,6441.3496,6101.019946289062,6838.521459960937,6749.6987,6198.4378662109375,7241.793225097656
2025-01-01,7079.904785,6420.9404,6146.171557617187,6692.546643066406,6709.9336,6123.453845214844,7161.879321289061
2025-01-02,7163.205078,6413.837,6091.603649902344,6736.25810546875,6694.183,6192.214318847657,7134.99111328125
2025-01-03,7164.429199,6445.64,6117.637927246094,6773.759265136719,6713.581,6173.522253417968,7253.029248046875
2025-01-04,7164.429199,6428.248,6148.866198730469,6759.924450683594,6758.52,6241.283520507813,7212.680383300781
2025-01-05,7164.429199,6403.844,6105.843200683594,6726.192260742188,6786.431,6328.536267089844,7281.505554199219
2025-01-06,7080.474121,6399.5796,6084.072399902344,6782.556066894531,6779.339,6279.907434082032,7405.211987304688
2025-01-07,7083.28418,6475.7095,6157.129833984375,6850.179638671874,6736.484,6171.359765625,7391.311889648437
2025-01-08,7080.352051,6432.2036,6100.611291503907,6722.801733398437,6768.5693,6255.065087890625,7354.0666015625
2025-01-09,7064.587891,6382.834,6004.9326171875,6769.454382324218,6703.576,6224.950244140625,7224.9948852539055
2025-01-10,7088.866211,6393.4717,6045.350512695312,6711.908935546875,6791.654,6215.215771484375,7277.188403320311
2025-01-11,7088.866211,6420.4224,6128.061340332031,6757.350903320313,6771.4614,6250.688793945313,7269.451196289062
2025-01-12,7088.866211,6438.0654,6095.274475097656,6788.334826660156,6763.9873,6203.933532714844,7270.522485351562
2025-01-13,7016.878906,6400.578,6070.72978515625,6682.9161376953125,6724.2256,6190.7027587890625,7157.008898925781
2025-01-14,6956.665039,6421.1943,6174.9662109375,6710.13388671875,6710.142,6245.090380859375,7236.486999511718
2025-01-15,7079.562012,6423.337,6100.185412597656,6765.381848144531,6710.2007,6220.445275878907,7225.642919921875
2025-01-16,7107.519043,6421.09,5974.8283203125,6818.14169921875,6714.5454,6250.556079101562,7182.038476562499
2025-01-17,7154.658203,6409.0312,6143.839660644531,6782.117993164063,6699.06,6090.987561035156,7258.639196777343
2025-01-18,7154.658203,6416.078,6087.380212402344,6791.425537109374,6715.733,6296.097485351563,7141.525561523437
2025-01-19,7154.658203,6456.6816,6155.33076171875,6833.614172363281,6744.2886,6132.853527832031,7233.538305664062
2025-01-20,7170.736816,6427.878,6074.273876953125,6839.648291015625,6720.2275,6196.080419921875,7209.128503417969
2025-01-21,7181.819824,6474.8267,6090.493103027344,6819.905310058593,6825.5776,6266.000244140625,7427.282373046874
2025-01-22,7257.12793,6451.0796,6135.246203613281,6840.570593261718,6788.936,6370.468811035156,7391.850927734375
2025-01-23,7232.643066,6442.047,6060.276550292969,6819.364074707031,6814.699,6393.442419433593,7275.1712646484375
2025-01-24,7166.056152,6458.4106,6143.675402832031,6811.466711425781,6772.1875,6236.324133300781,7409.154406738281
2025-01-25,7166.056152,6459.253,6093.523217773438,6844.203808593749,6817.3843,6287.736865234375,7312.376452636718
2025-01-26,7166.056152,6440.055,6097.930993652344,6809.930932617187,6779.9536,6212.959729003906,7305.666845703124
2025-01-27,7166.056152,6500.306,6161.36416015625,6854.926599121092,6786.41,6155.226965332031,7260.716552734375
2025-01-28,7166.056152,6471.8945,6167.663696289063,6839.693811035156,6864.9917,6265.279699707031,7372.890771484375
2025-01-29,7166.056152,6458.3174,6164.51923828125,6760.369177246093,6784.1475,6293.680432128906,7233.73203125
2025-01-30,7073.478027,6506.7188,6235.945520019532,6869.866931152344,6801.29,6268.616674804687,7276.992895507812
2025-01-31,7109.195801,6448.8574,6132.588879394531,6748.887902832031,6778.891,6265.855224609375,7313.796948242187
2025-02-01,7109.195801,6480.361,6029.5745849609375,6900.628869628906,6711.074,6244.931982421875,7235.116186523437
2025-02-02,7109.195801,6441.371,6176.879187011718,6757.087622070312,6790.545,6230.028662109375,7323.179089355468
2025-02-03,7030.058105,6493.6694,6219.039233398437,6954.186120605469,6712.483,6284.6866455078125,7155.058801269531
2025-02-04,7073.458984,6430.7944,6091.290661621094,6798.634558105468,6737.728,6222.518395996094,7233.654968261719
2025-02-05,7024.228027,6414.84,6081.59130859375,6779.277783203125,6681.3096,6098.181823730469,7208.6129150390625
2025-02-06,6875.536133,6399.6704,6077.134704589844,6715.964538574219,6704.1816,6154.861584472656,7265.566589355469
2025-02-07,6742.576172,6421.6475,6102.590539550782,6742.188378906249,6631.07,6125.595068359375,7194.6408203125
2025-02-08,6742.576172,6407.9067,6060.406896972656,6750.558911132813,6641.9673,6084.819140625,7076.548010253906
2025-02-09,6742.576172,6377.3413,6052.252526855469,6724.183508300781,6553.28,6083.640881347656,7103.906518554687
2025-02-10,6648.14209,6341.3276,5970.646789550781,6761.885583496094,6543.7627,6034.389428710938,6956.089868164063
2025-02-11,6531.990234,6362.152,6059.994470214844,6747.311169433594,6485.533,6023.942199707031,7083.6816528320305
2025-02-12,6645.777832,6339.561,6021.590954589844,6609.102111816406,6481.3267,6009.761987304688,6910.650793457031
2025-02-13,6613.567871,6300.9077,5885.269775390625,6611.553796386719,6451.1543,5953.180065917969,6949.312707519531
2025-02-14,6638.458984,6285.864,6040.093176269531,6601.073657226562,6412.678,5902.968481445312,6895.205310058594
2025-02-15,6638.458984,6249.3926,5896.289587402343,6595.733654785156,6376.2217,5935.694067382812,6889.73701171875
2025-02-16,6638.458984,6252.095,5931.761218261719,6573.954821777344,6391.2676,5828.50458984375,6922.46943359375
2025-02-17,6830.881836,6279.5923,6010.642333984375,6653.816076660156,6382.878,5828.902075195312,6896.421411132812
2025-02-18,6873.554199,6271.6367,5949.478442382812,6601.554577636719,6399.872,5896.270690917969,6984.314099121092
2025-02-19,6794.868164,6244.7363,5857.708044433593,6578.551318359375,6390.9087,5843.916943359375,6900.781628417969
2025-02-20,6788.041992,6276.398,5975.92333984375,6605.461791992188,6450.41,5848.453137207031,6988.001879882812
2025-02-21,6803.000977,6298.699,5991.265466308594,6602.001403808594,6463.7817,6022.242456054688,6947.151440429688
2025-02-22,6803.000977,6269.5757,6001.103967285157,6613.006518554687,6460.9126,6015.916931152344,6955.111376953125
2025-02-23,6803.000977,6318.4746,5944.816442871093,6672.489257812499,6451.5654,5870.696008300782,7036.977490234374
2025-02-24,6749.601074,6275.3535,5962.752307128906,6559.997375488281,6484.662,5952.837329101562,7166.22451171875
2025-02-25,6587.086914,6295.132,6010.448889160156,6566.725744628906,6404.297,5905.9041015625,6916.059814453125
2025-02-26,6606.178223,6288.6875,5950.192529296875,6585.513488769531,6448.3955,5883.392517089844,6983.97540283203
2025-02-27,6485.448242,6272.821,6001.991101074219,6602.574975585937,6433.877,6014.67216796875,6972.387316894531
2025-02-28,6270.597168,6299.5273,6008.674157714844,6565.65224609375,6397.8145,5894.610754394531,6933.50908203125
2025-03-01,6270.597168,6211.2886,5859.394616699219,6548.585351562499,6334.5,5915.535815429687,6776.725305175781
2025-03-02,6270.597168,6187.4707,5892.842785644531,6551.460778808593,6227.529,5702.928295898438,6747.827685546875
2025-03-03,6519.658203,6140.713,5760.569738769531,6519.487646484375,6179.3237,5685.59033203125,6634.322534179687
2025-03-04,6380.400879,6157.93,5817.1939697265625,6478.51220703125,6209.5474,5771.885705566407,6714.188439941406
2025-03-05,6531.398926,6154.7573,5839.543969726563,6525.189050292968,6208.84,5641.989916992187,6628.536853027344
2025-03-06,6617.847168,6140.158,5764.518627929688,6501.437377929688,6196.105,5722.083605957031,6718.1397705078125
2025-03-07,6636.0,6168.143,5840.471081542969,6481.246484374999,6267.337,5756.495715332031,6657.293408203125
2025-03-08,6636.0,6171.5806,5771.799133300781,6497.647058105469,6259.9243,5677.077075195312,6809.2668579101555
2025-03-09,6636.0,6194.4814,5859.610131835938,6530.078149414063,6307.573,5896.74794921875,6743.643017578124
2025-03-10,6598.211914,6222.902,5905.725854492188,6486.43125,6314.149,5849.345324707031,6795.094152832031
2025-03-11,6545.850098,6233.851,5984.209313964844,6489.319677734375,6300.181,5911.409594726562,6765.765380859374
2025-03-12,6665.044922,6205.621,5860.3568115234375,6520.371423339843,6328.411,5813.148706054688,6833.274304199218
2025-03-13,6647.416992,6253.051,5930.603796386718,6600.422033691406,6327.1343,5919.6763671875,6700.95556640625
2025-03-14,6515.630859,6220.3667,5898.120385742188,6487.233410644531,6346.8145,5875.404748535157,6792.143566894531
2025-03-15,6515.630859,6236.317,5865.836682128906,6507.509533691406,6365.578,5869.695275878907,6906.963464355467
2025-03-16,6515.630859,6233.8613,5891.321008300782,6582.013232421875,6321.2515,5929.978051757813,6802.377270507812
2025-03-17,6471.946777,6249.42,5985.916064453125,6568.023913574219,6291.7896,5896.4990234375,6868.857214355468
2025-03-18,6223.388184,6232.9146,5890.519116210938,6537.845129394531,6270.7104,5768.156787109375,6750.880749511719
2025-03-19,6311.660156,6185.747,5877.581066894531,6534.996997070312,6232.7007,5857.235876464843,6642.756555175782
2025-03-20,6381.673828,6181.45,5884.388000488281,6525.593493652344,6215.8564,5754.785900878906,6722.305065917968
2025-03-21,6258.179199,6168.7617,5828.4659423828125,6498.584069824218,6165.8296,5724.353015136719,6681.028833007812
2025-03-22,6258.179199,6132.2437,5835.460302734375,6481.122802734374,6132.0625,5677.205810546875,6630.10587158203
2025-03-23,6258.179199,6096.4727,5749.663818359375,6415.017956542969,6110.9785,5662.12373046875,6595.883972167969
2025-03-24,6161.217773,6115.431,5832.792175292969,6465.299792480469,6112.936,5583.893896484375,6660.680480957031
2025-03-25,6235.619141,6067.355,5803.623510742187,6405.915698242187,6125.54,5691.502819824219,6539.996765136719
2025-03-26,6472.355957,6086.0776,5785.303479003906,6492.853601074218,6000.4106,5531.514685058593,6452.034118652344
2025-03-27,6510.620117,6053.198,5755.852087402343,6350.386901855469,6081.6562,5468.440502929688,6583.8108032226555
2025-03-28,6510.620117,6079.0356,5728.083349609375,6422.082067871093,6164.574,5712.452429199218,6579.028649902343
2025-03-29,6510.620117,6050.6636,5674.360656738281,6312.344152832031,6136.209,5597.401501464844,6674.384265136719
2025-03-30,6510.620117,6101.915,5832.81904296875,6382.456994628906,6200.8223,5666.492626953125,6636.894958496094
2025-03-31,6510.620117,6093.4663,5851.000439453125,6379.844506835938,6224.9824,5733.115502929688,6709.295104980469
2025-04-01,6510.620117,6149.678,5877.467297363281,6517.872119140625,6207.2886,5785.730871582031,6654.395495605469
2025-04-02,6510.620117,6163.331,5828.701965332031,6445.009106445313,6211.1177,5746.560144042969,6699.561206054687
2025-04-03,6510.620117,6160.5874,5802.1150390625,6486.117053222656,6220.614,5762.25205078125,6698.288146972655
2025-04-04,6510.620117,6166.9077,5865.6416015625,6466.766540527344,6274.9126,5794.928076171875,6699.506970214844
2025-04-05,6510.620117,6167.017,5837.205798339844,6482.297387695312,6264.928,5838.712145996094,6781.6339111328125
2025-04-06,6510.620117,6206.839,5907.330822753906,6519.440246582031,6223.871,5752.706372070313,6632.226464843749
2025-04-07,6510.620117,6184.71,5885.652392578125,6497.523596191406,6213.8145,5839.105249023438,6637.816516113281
2025-04-08,5996.14209,6165.608,5871.905590820313,6471.629113769531,6223.27,5775.918371582031,6688.4365234375
2025-04-09,5967.987793,6154.4824,5863.910021972656,6504.843627929688,6123.34,5681.616833496094,6586.341345214843
2025-04-10,6254.023926,6090.3413,5735.308850097656,6371.06318359375,6030.06,5640.114562988281,6527.898181152343
2025-04-11,6262.226074,6110.6445,5815.01455078125,6440.900317382811,6062.2,5618.33251953125,6562.279309082031
2025-04-12,6262.226074,6084.22,5756.844030761718,6388.439379882812,6042.6445,5600.140539550781,6490.728332519531
2025-04-13,6262.226074,6065.11,5640.045666503906,6392.089587402344,6080.4395,5624.686511230469,6625.3479125976555
2025-04-14,6368.51709,6054.326,5777.6134765625,6332.816223144531,6108.025,5606.87275390625,6530.360546875
2025-04-15,6441.683105,6074.1187,5720.397314453125,6439.7872314453125,6159.7114,5707.239306640625,6631.303759765624
2025-04-16,6400.054199,6065.635,5721.363818359375,6398.784509277343,6152.598,5685.275598144532,6651.931713867187
2025-04-17,6438.269043,6101.6377,5794.572705078125,6425.637341308594,6169.7544,5727.28466796875,6570.9189453125
2025-04-18,6438.269043,6111.2363,5823.728161621094,6412.805114746094,6186.1973,5721.504895019531,6746.662145996093
2025-04-19,6438.269043,6137.6265,5728.933312988282,6473.684338378906,6236.9463,5781.1524658203125,6606.468017578125
2025-04-20,6438.269043,6140.083,5830.281945800782,6419.114453125,6203.619,5754.397692871094,6691.458642578124
2025-04-21,6445.966797,6156.747,5812.999340820313,6505.370056152344,6229.3936,5826.719506835938,6734.239990234375
2025-04-22,6538.266113,6139.745,5823.601513671875,6437.021496582031,6234.2695,5678.9388671875,6761.61923828125
2025-04-23,6634.376953,6183.7563,5827.4517822265625,6544.318334960937,6218.95,5791.527392578125,6697.788903808593
2025-04-24,6613.478027,6193.995,5868.1609375,6510.819079589844,6277.9155,5795.45546875,6830.7268188476555
2025-04-25,6678.915039,6211.297,5843.246740722656,6537.101293945312,6311.978,5771.268383789063,6875.689843749999
2025-04-26,6678.915039,6226.069,5821.81923828125,6533.02548828125,6366.206,5931.370202636719,6975.10869140625
2025-04-27,6678.915039,6256.7954,5916.278454589844,6578.794616699218,6348.4395,5786.288720703125,6895.848291015624
2025-04-28,6722.96582,6233.91,5888.2200927734375,6542.4809692382805,6362.5005,5804.311987304687,6834.394677734374
2025-04-29,6749.075195,6274.186,5948.77587890625,6590.862780761719,6395.788,5847.2673828125,6907.449084472656
2025-04-30,6766.794922,6235.824,5931.134814453125,6537.159399414062,6407.6914,5848.025659179688,6897.03828125
2025-05-01,6766.794922,6304.3545,6025.713793945312,6662.067907714843,6383.476,5847.797302246094,6910.605505371093
